年,月,日,平均気温(℃),降水量の合計(mm),日照時間(時間),平均風速(m/s),天気概況(昼：06時～18時),天気概況(夜：18時～翌日06時),季節
2018,2,28,11.3,0.5,6.9,2.6,1,1,4.0
2018,3,1,12.5,9.0,4.0,5.3,1,0,2.0
2018,3,2,8.6,0.0,9.0,2.5,0,0,2.0
2018,3,3,9.7,0.0,6.1,1.7,1,1,2.0
2018,3,4,14.4,0.0,10.3,1.6,0,1,2.0
2018,3,5,13.1,24.5,0.0,2.8,2,1,2.0
2018,3,6,8.0,0.0,9.3,4.6,0,0,2.0
2018,3,7,8.0,0.0,6.7,3.4,1,1,2.0
2018,3,8,11.6,22.0,0.0,3.7,2,2,2.0
2018,3,9,7.4,4.5,0.0,3.5,1,1,2.0
2018,3,10,6.1,0.0,8.8,3.0,0,0,2.0
2018,3,11,7.4,0.0,10.4,2.4,0,0,2.0
2018,3,12,9.6,0.0,10.4,1.5,0,1,2.0
2018,3,13,12.8,0.0,10.8,1.9,0,0,2.0
2018,3,14,15.6,0.0,11.1,1.7,0,0,2.0
2018,3,15,16.4,0.0,10.0,2.0,0,1,2.0
2018,3,16,10.2,21.0,0.0,3.6,2,1,2.0
2018,3,17,8.5,0.0,11.4,2.1,0,0,2.0
2018,3,18,11.8,0.0,5.4,1.7,1,1,2.0
2018,3,19,13.9,8.5,0.0,2.3,1,2,2.0
2018,3,20,8.3,7.5,0.0,4.5,2,2,2.0
2018,3,21,8.8,30.5,0.6,4.9,1,2,2.0
2018,3,22,10.0,9.5,0.5,2.9,1,1,2.0
2018,3,23,8.9,0.0,9.2,2.1,0,0,2.0
2018,3,24,10.3,0.0,11.5,2.1,0,0,2.0
2018,3,25,13.1,0.0,10.9,2.0,0,0,2.0
2018,3,26,14.7,0.0,11.3,1.7,1,0,2.0
2018,3,27,15.8,0.0,11.0,1.7,1,0,2.0
2018,3,28,17.6,0.0,11.2,1.7,0,0,2.0
2018,3,29,17.5,0.0,10.8,2.8,0,0,2.0
2018,3,30,13.1,0.0,11.7,3.9,0,0,2.0
2018,3,31,13.0,0.0,11.3,2.5,0,0,2.0
2018,4,1,16.4,0.0,8.5,1.8,0,1,2.0
2018,4,2,18.9,0.0,10.2,1.7,0,0,2.0
2018,4,3,19.7,0.0,11.1,2.0,0,0,2.0
2018,4,4,18.2,0.5,9.2,3.1,0,2,2.0
2018,4,5,14.9,0.0,3.6,2.8,1,1,2.0
2018,4,6,17.3,14.5,0.1,2.7,2,2,2.0
2018,4,7,11.0,0.0,3.0,4.4,1,0,2.0
2018,4,8,9.3,0.0,11.6,3.5,0,0,2.0
2018,4,9,12.0,0.0,6.7,2.1,1,1,2.0
2018,4,10,15.3,0.0,11.2,1.9,0,1,2.0
2018,4,11,19.1,0.0,1.0,3.8,1,1,2.0
2018,4,12,18.5,0.0,6.7,2.8,1,0,2.0
2018,4,13,14.6,0.0,11.1,3.8,1,0,2.0
2018,4,14,14.4,23.0,3.6,2.4,1,2,2.0
2018,4,15,14.3,36.5,0.8,2.8,2,0,2.0
2018,4,16,13.8,0.0,9.4,3.0,0,1,2.0
2018,4,17,14.2,3.0,1.1,2.8,1,2,2.0
2018,4,18,16.2,6.5,5.6,1.9,1,0,2.0
2018,4,19,17.6,0.0,12.3,2.3,0,0,2.0
2018,4,20,20.2,0.0,12.2,1.6,0,0,2.0
2018,4,21,20.2,0.0,12.5,2.0,0,0,2.0
2018,4,22,20.3,0.0,11.8,2.1,1,0,2.0
2018,4,23,20.7,0.0,10.4,2.5,1,1,2.0
2018,4,24,19.3,20.0,0.0,1.4,1,2,2.0
2018,4,25,16.7,36.0,0.1,2.9,1,1,2.0
2018,4,26,17.0,0.0,9.4,2.2,1,1,2.0
2018,4,27,18.0,0.0,4.6,2.0,1,0,2.0
2018,4,28,18.4,0.0,12.5,2.0,0,0,2.0
2018,4,29,19.6,0.0,12.6,1.8,0,0,2.0
2018,4,30,19.8,0.0,5.5,2.0,1,0,2.0
2018,5,1,21.3,0.0,11.8,1.6,0,1,2.0
2018,5,2,20.0,7.5,0.0,1.1,1,2,2.0
2018,5,3,18.9,5.0,6.6,3.9,1,0,2.0
2018,5,4,16.3,0.0,12.3,4.0,0,0,2.0
2018,5,5,18.8,0.0,12.2,3.2,0,1,2.0
2018,5,6,19.3,9.0,6.2,2.5,1,2,2.0
2018,5,7,17.6,48.0,0.0,1.9,2,1,2.0
2018,5,8,16.9,9.5,0.6,4.0,1,2,2.0
2018,5,9,15.8,6.5,4.4,3.2,1,0,2.0
2018,5,10,14.6,0.0,8.0,2.3,0,0,2.0
2018,5,11,17.0,0.0,12.3,2.2,0,1,2.0
2018,5,12,19.3,0.0,11.9,2.1,1,0,2.0
2018,5,13,18.1,90.0,0.0,2.2,2,1,2.0
2018,5,14,21.1,0.0,10.2,2.3,0,0,2.0
2018,5,15,21.8,0.0,12.2,2.0,0,1,2.0
2018,5,16,23.2,0.0,8.3,2.2,1,1,2.0
2018,5,17,23.6,0.0,7.8,2.0,1,0,2.0
2018,5,18,24.1,7.5,1.4,1.9,1,2,2.0
2018,5,19,17.3,5.0,4.4,4.3,1,1,2.0
2018,5,20,18.0,0.0,8.5,3.0,1,1,2.0
2018,5,21,20.9,0.0,12.1,2.8,0,0,2.0
2018,5,22,21.4,0.0,13.1,2.5,0,1,2.0
2018,5,23,19.0,11.0,0.0,2.3,2,2,2.0
2018,5,24,21.6,1.5,13.1,2.0,0,0,2.0
2018,5,25,23.6,0.0,10.3,2.0,0,1,2.0
2018,5,26,22.9,0.0,3.5,1.8,1,0,2.0
2018,5,27,23.1,0.0,10.1,1.8,1,1,2.0
2018,5,28,23.4,0.0,0.8,1.7,1,1,2.0
2018,5,29,23.4,0.0,1.6,2.1,1,1,2.0
2018,5,30,19.9,18.5,0.0,2.3,2,1,2.0
2018,5,31,19.7,11.5,0.0,1.5,1,1,2.0
2018,6,1,21.0,0.0,7.5,2.6,0,0,1.0
2018,6,2,21.8,0.0,13.7,2.5,0,0,1.0
2018,6,3,23.2,0.0,11.5,2.1,1,1,1.0
2018,6,4,23.7,0.0,12.4,2.3,0,0,1.0
2018,6,5,22.6,9.0,5.9,1.8,1,2,1.0
2018,6,6,19.3,48.5,0.0,3.0,2,2,1.0
2018,6,7,22.8,7.0,4.6,1.8,1,1,1.0
2018,6,8,23.5,13.5,0.7,1.3,1,1,1.0
2018,6,9,24.2,0.5,11.2,3.3,0,0,1.0
2018,6,10,21.7,5.0,0.0,3.8,1,2,1.0
2018,6,11,23.2,2.0,0.5,3.5,1,1,1.0
2018,6,12,21.8,0.0,0.7,2.3,1,1,1.0
2018,6,13,21.2,0.0,9.0,3.3,0,0,1.0
2018,6,14,21.8,0.0,7.5,2.3,0,1,1.0
2018,6,15,20.3,5.0,0.1,3.5,2,1,1.0
2018,6,16,20.9,0.0,13.8,2.9,0,0,1.0
2018,6,17,22.7,0.0,12.4,2.5,1,1,1.0
2018,6,18,23.5,0.0,4.2,4.2,1,1,1.0
2018,6,19,23.0,3.0,0.2,1.4,1,2,1.0
2018,6,20,21.7,57.5,0.0,1.6,2,2,1.0
2018,6,21,23.2,0.0,3.4,1.5,1,1,1.0
2018,6,22,24.9,0.0,9.6,1.7,1,1,1.0
2018,6,23,21.4,15.0,0.0,2.0,1,1,1.0
2018,6,24,23.7,1.5,7.8,2.3,1,1,1.0
2018,6,25,26.6,0.0,11.6,1.8,0,1,1.0
2018,6,26,27.6,0.0,10.1,2.4,1,1,1.0
2018,6,27,29.2,0.0,7.0,4.3,1,1,1.0
2018,6,28,28.7,0.0,4.9,4.2,1,1,1.0
2018,6,29,26.7,22.5,1.1,3.3,1,1,1.0
2018,6,30,27.3,2.0,7.9,1.9,1,1,1.0
2018,7,1,28.9,0.0,10.8,2.3,1,0,1.0
2018,7,2,28.8,0.0,6.9,2.1,1,1,1.0
2018,7,3,29.2,0.0,5.0,3.3,1,1,1.0
2018,7,4,28.2,9.0,0.4,4.7,1,2,1.0
2018,7,5,25.6,124.5,0.0,4.0,2,2,1.0
2018,7,6,24.1,117.5,0.0,1.4,2,2,1.0
2018,7,7,24.4,27.5,0.0,1.4,2,1,1.0
2018,7,8,26.8,0.0,4.8,1.9,1,1,1.0
2018,7,9,28.0,0.0,10.5,2.2,1,1,1.0
2018,7,10,28.6,0.0,10.6,2.2,0,0,1.0
2018,7,11,29.1,0.0,5.7,1.8,1,1,1.0
2018,7,12,29.5,0.0,2.4,1.9,1,1,1.0
2018,7,13,30.1,0.0,7.4,2.0,1,1,1.0
2018,7,14,31.5,0.0,11.6,2.1,0,0,1.0
2018,7,15,31.2,0.0,11.6,2.2,0,0,1.0
2018,7,16,31.4,0.0,11.3,2.0,0,0,1.0
2018,7,17,30.8,0.0,10.1,2.1,1,1,1.0
2018,7,18,32.0,0.0,10.9,2.2,0,0,1.0
2018,7,19,31.9,0.0,11.6,2.4,0,0,1.0
2018,7,20,30.8,0.0,9.6,2.6,0,1,1.0
2018,7,21,30.7,0.0,12.0,2.4,0,0,1.0
2018,7,22,30.8,0.0,12.9,2.5,0,0,1.0
2018,7,23,32.0,0.0,9.2,2.5,0,0,1.0
2018,7,24,32.0,0.0,11.0,2.9,0,0,1.0
2018,7,25,30.7,0.0,12.1,2.5,1,1,1.0
2018,7,26,30.7,0.0,6.8,2.2,1,1,1.0
2018,7,27,29.1,0.5,8.0,2.5,0,1,1.0
2018,7,28,28.7,0.5,1.0,2.6,1,2,1.0
2018,7,29,27.9,52.0,3.0,4.2,1,0,1.0
2018,7,30,29.5,0.5,7.3,4.2,0,0,1.0
2018,7,31,30.4,0.0,10.9,3.3,0,0,1.0
2018,8,1,30.2,0.0,12.1,2.4,0,0,1.0
2018,8,2,30.7,0.0,12.1,2.6,0,0,1.0
2018,8,3,31.3,0.0,10.2,2.5,0,0,1.0
2018,8,4,31.5,0.0,13.1,2.2,0,0,1.0
2018,8,5,32.0,0.0,12.8,2.1,0,0,1.0
2018,8,6,31.6,0.0,7.1,3.2,0,0,1.0
2018,8,7,29.5,0.0,6.6,3.5,0,0,1.0
2018,8,8,27.5,0.0,6.5,3.3,1,1,1.0
2018,8,9,28.7,0.0,1.7,2.3,1,1,1.0
2018,8,10,29.5,0.0,1.7,2.0,1,0,1.0
2018,8,11,30.3,0.0,10.1,2.0,0,1,1.0
2018,8,12,30.6,0.0,6.3,2.1,0,0,1.0
2018,8,13,31.0,0.0,10.4,2.2,0,1,1.0
2018,8,14,30.4,4.5,5.9,1.6,1,1,1.0
2018,8,15,29.5,0.0,2.7,1.8,1,1,1.0
2018,8,16,28.8,1.0,3.5,3.2,1,1,1.0
2018,8,17,25.8,0.0,11.9,4.1,0,0,1.0
2018,8,18,25.9,0.0,12.3,2.4,1,0,1.0
2018,8,19,27.2,0.0,10.9,2.6,1,0,1.0
2018,8,20,28.3,0.0,6.1,3.0,1,0,1.0
2018,8,21,30.1,6.0,7.4,2.3,0,0,1.0
2018,8,22,31.3,0.0,10.4,3.6,0,0,1.0
2018,8,23,30.1,18.0,5.7,5.6,1,2,1.0
2018,8,24,30.2,12.0,2.6,6.1,1,0,1.0
2018,8,25,30.6,0.0,10.3,3.6,0,0,1.0
2018,8,26,29.8,0.0,11.8,2.5,0,0,1.0
2018,8,27,30.0,0.0,10.9,2.2,0,0,1.0
2018,8,28,29.6,0.0,6.9,2.3,1,1,1.0
2018,8,29,29.8,0.0,9.9,2.5,0,0,1.0
2018,8,30,29.8,0.0,11.2,2.8,1,0,1.0
2018,8,31,29.6,0.0,9.6,3.1,0,1,1.0
2018,9,1,26.1,20.0,0.0,2.3,1,1,3.0
2018,9,2,26.3,0.0,5.0,2.0,1,0,3.0
2018,9,3,28.1,0.0,9.6,2.0,0,1,3.0
2018,9,4,26.9,41.0,1.4,5.0,1,1,3.0
2018,9,5,27.6,0.0,10.5,3.1,0,1,3.0
2018,9,6,27.0,6.5,2.5,1.8,1,2,3.0
2018,9,7,26.5,37.0,0.3,3.2,1,2,3.0
2018,9,8,23.2,15.5,0.0,1.7,1,1,3.0
2018,9,9,24.2,13.0,0.5,1.4,1,2,3.0
2018,9,10,23.5,38.5,0.3,2.1,2,1,3.0
2018,9,11,24.5,0.0,6.3,2.3,1,1,3.0
2018,9,12,22.2,4.0,0.0,2.9,2,1,3.0
2018,9,13,23.5,0.0,0.1,3.4,1,2,3.0
2018,9,14,23.0,4.0,0.6,3.5,1,1,3.0
2018,9,15,25.0,0.0,0.3,1.9,1,1,3.0
2018,9,16,27.6,0.5,8.5,2.4,0,1,3.0
2018,9,17,25.3,0.0,0.3,1.8,1,0,3.0
2018,9,18,25.0,0.0,8.0,1.8,0,1,3.0
2018,9,19,25.2,0.0,9.9,2.5,0,1,3.0
2018,9,20,20.6,24.5,0.0,2.4,2,2,3.0
2018,9,21,22.6,33.0,1.3,2.5,1,1,3.0
2018,9,22,24.8,6.0,2.2,2.0,1,0,3.0
2018,9,23,24.1,0.0,5.3,1.7,1,0,3.0
2018,9,24,24.4,0.0,4.3,1.8,1,1,3.0
2018,9,25,21.7,5.0,0.1,2.2,1,1,3.0
2018,9,26,19.7,21.5,1.7,1.9,1,2,3.0
2018,9,27,19.7,12.5,1.2,2.0,1,0,3.0
2018,9,28,21.6,0.0,11.5,1.9,0,1,3.0
2018,9,29,18.9,42.5,0.0,3.6,2,1,3.0
2018,9,30,22.8,47.0,0.0,4.6,1,2,3.0
2018,10,1,22.6,0.0,9.7,4.2,0,0,3.0
2018,10,2,21.2,0.0,8.7,2.1,1,0,3.0
2018,10,3,22.0,0.0,8.4,2.3,0,1,3.0
2018,10,4,20.0,2.5,0.0,3.2,2,1,3.0
2018,10,5,23.6,0.0,3.5,3.7,1,0,3.0
2018,10,6,27.0,4.5,5.0,4.0,0,0,3.0
2018,10,7,25.1,0.0,6.7,2.8,0,0,3.0
2018,10,8,23.2,0.0,10.5,2.4,0,0,3.0
2018,10,9,22.8,0.0,10.3,2.3,0,0,3.0
2018,10,10,20.7,4.0,0.1,2.0,1,1,3.0
2018,10,11,19.3,0.5,0.0,1.7,1,1,3.0
2018,10,12,18.1,0.0,4.1,3.0,1,1,3.0
2018,10,13,18.3,0.0,8.5,2.2,1,1,3.0
2018,10,14,20.1,0.0,6.0,1.8,0,1,3.0
2018,10,15,19.6,0.0,4.1,2.0,1,0,3.0
2018,10,16,19.2,0.0,1.9,2.2,1,1,3.0
2018,10,17,19.3,0.0,7.6,2.2,1,1,3.0
2018,10,18,19.3,0.0,10.1,1.7,0,0,3.0
2018,10,19,19.1,0.0,9.5,2.0,0,0,3.0
2018,10,20,17.3,0.0,5.8,2.5,0,0,3.0
2018,10,21,17.0,0.0,10.6,1.9,0,0,3.0
2018,10,22,18.2,0.0,8.0,1.8,0,1,3.0
2018,10,23,17.8,3.0,0.1,2.2,1,2,3.0
2018,10,24,18.4,3.5,5.8,2.4,1,0,3.0
2018,10,25,17.2,0.0,10.1,2.0,0,0,3.0
2018,10,26,18.8,3.0,8.6,2.1,0,2,3.0
2018,10,27,19.0,3.0,6.2,2.7,1,0,3.0
2018,10,28,17.4,0.0,10.3,2.7,0,0,3.0
2018,10,29,17.5,0.0,7.7,2.4,0,0,3.0
2018,10,30,17.1,0.0,8.4,2.7,0,0,3.0
2018,10,31,14.5,0.0,2.4,2.1,1,1,3.0
2018,11,1,13.9,0.0,4.8,1.9,0,0,3.0
2018,11,2,14.2,0.0,6.5,1.8,0,0,3.0
2018,11,3,15.6,0.0,9.9,2.2,0,0,3.0
2018,11,4,16.5,0.0,4.1,2.7,1,0,3.0
2018,11,5,18.1,0.0,9.7,2.3,0,1,3.0
2018,11,6,18.2,12.0,5.2,2.7,0,0,3.0
2018,11,7,17.8,0.0,8.3,1.8,0,0,3.0
2018,11,8,18.4,0.0,8.1,1.6,0,1,3.0
2018,11,9,19.4,11.5,1.4,1.8,1,1,3.0
2018,11,10,18.0,0.0,6.7,2.3,0,0,3.0
2018,11,11,15.7,0.0,9.5,1.3,0,0,3.0
2018,11,12,16.0,0.0,1.9,1.4,1,1,3.0
2018,11,13,15.5,0.0,0.1,2.9,1,0,3.0
2018,11,14,13.4,0.0,0.5,2.2,1,1,3.0
2018,11,15,13.5,0.0,4.4,1.5,0,0,3.0
2018,11,16,14.2,0.0,6.8,1.5,1,1,3.0
2018,11,17,15.1,0.0,3.9,2.0,1,0,3.0
2018,11,18,15.0,0.0,7.1,1.4,0,1,3.0
2018,11,19,13.6,1.0,0.0,2.0,1,0,3.0
2018,11,20,12.5,0.0,7.3,1.8,0,0,3.0
2018,11,21,11.8,0.0,5.8,1.2,1,1,3.0
2018,11,22,12.0,0.5,0.5,2.0,1,0,3.0
2018,11,23,9.9,0.0,6.1,2.0,0,0,3.0
2018,11,24,9.5,0.0,9.9,1.1,0,0,3.0
2018,11,25,11.4,0.0,8.8,1.3,0,0,3.0
2018,11,26,12.7,0.0,2.3,1.2,1,1,3.0
2018,11,27,14.8,0.0,4.0,1.5,1,1,3.0
2018,11,28,14.5,5.5,1.8,1.6,1,2,3.0
2018,11,29,13.3,0.0,8.4,1.8,0,0,3.0
2018,11,30,12.3,0.0,8.1,1.7,0,0,3.0
2018,12,1,13.3,0.0,3.9,2.1,1,1,4.0
2018,12,2,12.9,0.0,8.2,1.9,0,1,4.0
2018,12,3,15.1,0.5,0.1,2.6,1,1,4.0
2018,12,4,19.1,19.0,4.2,2.0,0,1,4.0
2018,12,5,15.1,0.0,5.0,2.7,1,0,4.0
2018,12,6,12.8,5.5,0.0,1.9,2,1,4.0
2018,12,7,12.3,0.0,0.6,2.3,1,1,4.0
2018,12,8,7.8,0.0,8.7,3.4,0,0,4.0
2018,12,9,5.7,0.0,4.2,2.4,1,1,4.0
2018,12,10,5.9,0.0,2.6,1.3,1,0,4.0
2018,12,11,7.4,2.5,3.1,2.0,1,2,4.0
2018,12,12,9.4,13.5,3.4,2.2,1,0,4.0
2018,12,13,8.0,0.0,3.8,1.6,1,0,4.0
2018,12,14,6.8,0.0,5.1,2.4,0,0,4.0
2018,12,15,6.5,0.0,3.8,1.7,1,0,4.0
2018,12,16,6.4,13.5,4.8,2.0,0,2,4.0
2018,12,17,9.8,8.5,4.1,2.6,0,0,4.0
2018,12,18,9.1,0.0,7.6,2.9,0,0,4.0
2018,12,19,10.1,0.0,4.4,2.4,0,1,4.0
2018,12,20,10.9,0.5,0.4,1.1,1,1,4.0
2018,12,21,10.5,1.5,6.0,2.3,0,1,4.0
2018,12,22,11.5,7.0,0.1,2.2,2,0,4.0
2018,12,23,12.0,0.0,3.0,1.6,1,1,4.0
2018,12,24,8.9,0.0,7.3,3.0,0,0,4.0
2018,12,25,7.4,0.0,9.2,1.4,0,1,4.0
2018,12,26,8.6,0.0,0.2,1.2,1,1,4.0
2018,12,27,9.2,0.0,6.2,2.7,0,1,4.0
2018,12,28,4.1,0.0,5.7,3.0,1,0,4.0
2018,12,29,4.6,0.0,7.5,3.0,0,0,4.0
2018,12,30,4.8,0.0,8.5,2.5,0,0,4.0
2018,12,31,5.0,0.0,1.6,1.3,1,0,4.0
2019,1,1,5.7,1.5,6.8,1.8,0,1,4.0
2019,1,2,6.6,0.0,5.4,2.1,0,0,4.0
2019,1,3,5.2,0.0,4.1,1.7,0,0,4.0
2019,1,4,6.3,0.0,8.3,1.0,0,1,4.0
2019,1,5,8.8,0.0,1.9,1.4,1,0,4.0
2019,1,6,6.2,0.0,2.6,1.9,1,0,4.0
2019,1,7,6.0,0.0,7.7,1.5,0,0,4.0
2019,1,8,8.2,0.0,7.4,2.0,1,0,4.0
2019,1,9,5.4,0.0,5.8,2.8,0,0,4.0
2019,1,10,4.8,0.0,0.0,1.3,1,1,4.0
2019,1,11,8.2,0.0,4.1,2.0,1,1,4.0
2019,1,12,5.7,0.0,0.0,1.4,1,0,4.0
2019,1,13,7.2,0.0,8.9,1.7,0,0,4.0
2019,1,14,7.0,0.0,8.3,1.1,0,0,4.0
2019,1,15,6.0,1.0,0.5,1.5,1,1,4.0
2019,1,16,7.1,0.0,3.8,2.0,0,0,4.0
2019,1,17,7.3,0.0,7.0,2.8,1,1,4.0
2019,1,18,6.6,0.0,3.7,2.1,0,0,4.0
2019,1,19,7.3,0.0,9.7,1.4,0,0,4.0
2019,1,20,8.0,2.0,1.3,2.1,2,1,4.0
2019,1,21,7.4,0.0,6.5,2.9,0,0,4.0
2019,1,22,7.7,0.0,5.2,2.5,0,0,4.0
2019,1,23,7.9,0.0,6.6,2.2,0,0,4.0
2019,1,24,6.7,0.0,6.1,3.0,0,0,4.0
2019,1,25,7.0,0.0,5.1,1.9,1,1,4.0
2019,1,26,4.0,0.0,3.8,3.6,1,0,4.0
2019,1,27,5.0,0.0,5.1,2.3,1,0,4.0
2019,1,28,6.0,0.0,0.7,1.9,1,0,4.0
2019,1,29,5.4,0.0,2.6,2.2,1,1,4.0
2019,1,30,6.3,0.0,8.6,1.2,0,1,4.0
2019,1,31,5.7,18.0,0.0,1.9,2,1,4.0
2019,2,1,5.2,0.0,6.7,2.4,0,0,4.0
2019,2,2,6.9,0.0,10.0,2.3,0,0,4.0
2019,2,3,6.8,5.0,1.7,1.9,1,2,4.0
2019,2,4,10.5,0.5,1.9,2.7,1,0,4.0
2019,2,5,8.6,0.0,9.9,1.3,0,1,4.0
2019,2,6,8.9,8.5,4.2,1.8,2,0,4.0
2019,2,7,10.0,0.0,0.5,1.5,1,1,4.0
2019,2,8,6.6,0.0,2.2,3.3,1,1,4.0
2019,2,9,5.0,0.0,0.7,2.2,1,1,4.0
2019,2,10,4.2,0.0,5.4,3.0,0,1,4.0
2019,2,11,4.1,0.0,0.0,2.2,3,0,4.0
2019,2,12,6.7,0.0,7.1,2.1,0,1,4.0
2019,2,13,7.4,0.0,4.5,1.6,0,0,4.0
2019,2,14,4.9,0.0,1.9,2.8,1,1,4.0
2019,2,15,4.6,0.0,1.8,1.2,1,1,4.0
2019,2,16,7.7,0.0,5.0,2.6,1,1,4.0
2019,2,17,5.8,0.0,4.1,1.8,1,0,4.0
2019,2,18,7.1,0.0,10.4,1.1,1,1,4.0
2019,2,19,9.0,12.0,0.0,2.5,2,1,4.0
2019,2,20,12.5,0.0,1.6,2.3,1,1,4.0
2019,2,21,8.2,0.0,0.6,2.4,1,1,4.0
2019,2,22,9.2,0.0,5.3,1.9,1,1,4.0
2019,2,23,9.1,0.0,7.7,3.6,0,1,4.0
2019,2,24,8.7,0.0,8.9,1.3,1,0,4.0
2019,2,25,10.6,0.0,9.0,1.6,0,1,4.0
2019,2,26,9.9,0.0,10.4,2.9,0,0,4.0
2019,2,27,8.8,0.0,2.2,1.7,1,1,4.0
2019,2,28,10.2,16.5,0.0,2.5,2,1,4.0
2019,3,1,10.5,0.0,7.6,2.2,0,0,2.0
2019,3,2,9.8,0.0,8.8,2.2,0,1,2.0
2019,3,3,9.7,2.5,0.0,3.0,1,2,2.0
2019,3,4,9.5,18.0,0.0,2.7,2,2,2.0
2019,3,5,11.4,0.0,10.1,1.5,0,1,2.0
2019,3,6,11.4,5.0,1.1,2.2,1,2,2.0
2019,3,7,9.3,2.0,0.3,2.8,1,0,2.0
2019,3,8,7.9,0.0,9.4,2.8,0,0,2.0
2019,3,9,9.3,0.0,11.2,1.8,0,1,2.0
2019,3,10,10.9,16.0,0.0,3.6,2,2,2.0
2019,3,11,12.2,10.0,1.3,2.8,1,0,2.0
2019,3,12,11.1,0.0,6.6,2.5,0,1,2.0
2019,3,13,9.5,4.5,6.4,4.1,0,0,2.0
2019,3,14,7.5,0.0,5.3,2.3,1,0,2.0
2019,3,15,9.0,0.0,10.1,2.0,0,0,2.0
2019,3,16,7.8,2.0,2.5,2.4,1,0,2.0
2019,3,17,7.4,4.0,3.3,1.8,1,0,2.0
2019,3,18,8.8,0.0,10.6,1.4,0,1,2.0
2019,3,19,10.8,1.5,0.1,2.2,2,0,2.0
2019,3,20,13.3,0.0,9.5,1.4,0,1,2.0
2019,3,21,16.1,2.0,0.5,1.5,1,1,2.0
2019,3,22,12.3,0.0,2.7,3.8,1,1,2.0
2019,3,23,8.0,0.0,3.3,2.6,1,0,2.0
2019,3,24,8.5,0.0,7.7,2.0,0,0,2.0
2019,3,25,10.2,0.0,4.8,1.6,1,1,2.0
2019,3,26,12.8,0.0,7.1,2.4,0,0,2.0
2019,3,27,14.7,0.0,10.9,3.0,1,1,2.0
2019,3,28,13.5,0.0,3.1,3.3,1,1,2.0
2019,3,29,12.1,0.0,8.8,2.0,1,1,2.0
2019,3,30,12.9,7.0,1.2,1.8,1,2,2.0
2019,3,31,11.0,0.5,6.7,3.6,0,1,2.0
2019,4,1,8.1,4.0,7.3,2.7,0,0,2.0
2019,4,2,7.7,0.0,6.2,2.7,0,1,2.0
2019,4,3,8.5,0.0,9.1,2.1,0,0,2.0
2019,4,4,10.8,0.0,12.0,2.2,0,0,2.0
2019,4,5,14.2,0.0,10.8,2.3,1,0,2.0
2019,4,6,15.7,0.0,11.1,1.9,0,0,2.0
2019,4,7,16.4,0.0,10.3,2.4,0,1,2.0
2019,4,8,14.4,9.0,11.2,3.4,0,1,2.0
2019,4,9,12.3,0.0,11.5,3.2,0,1,2.0
2019,4,10,9.3,16.0,0.0,3.5,2,1,2.0
2019,4,11,11.4,0.0,8.0,3.3,0,1,2.0
2019,4,12,12.0,0.0,7.4,2.7,1,0,2.0
2019,4,13,12.7,0.0,10.0,1.9,0,1,2.0
2019,4,14,13.6,19.5,0.4,1.4,1,2,2.0
2019,4,15,14.0,0.0,10.4,3.3,0,0,2.0
2019,4,16,14.7,0.0,12.3,1.5,0,1,2.0
2019,4,17,15.9,0.0,2.5,2.2,1,1,2.0
2019,4,18,17.1,0.0,12.0,2.1,1,0,2.0
2019,4,19,16.8,0.0,5.6,2.6,1,1,2.0
2019,4,20,16.1,0.0,12.6,2.3,0,0,2.0
2019,4,21,19.7,0.0,9.7,2.1,0,1,2.0
2019,4,22,21.2,0.0,9.8,2.7,0,0,2.0
2019,4,23,19.5,0.0,6.6,2.6,1,1,2.0
2019,4,24,20.5,1.5,0.0,2.1,1,1,2.0
2019,4,25,20.5,0.0,1.2,2.3,1,1,2.0
2019,4,26,17.8,4.5,2.7,3.0,1,2,2.0
2019,4,27,12.2,0.5,6.4,3.9,0,0,2.0
2019,4,28,13.3,0.0,3.1,1.4,1,1,2.0
2019,4,29,14.4,15.0,0.0,1.7,1,2,2.0
2019,4,30,17.3,17.0,0.0,3.3,1,1,2.0
2019,5,1,16.7,6.5,0.0,2.1,2,1,2.0
2019,5,2,18.7,0.0,10.6,1.9,0,1,2.0
2019,5,3,20.1,0.0,9.1,1.7,1,0,2.0
2019,5,4,20.5,0.0,12.8,2.3,0,0,2.0
2019,5,5,19.8,0.0,11.6,2.2,1,0,2.0
2019,5,6,18.7,6.5,8.7,2.7,1,1,2.0
2019,5,7,14.8,0.0,13.3,3.4,0,0,2.0
2019,5,8,16.0,0.0,12.1,2.1,0,1,2.0
2019,5,9,18.1,0.0,2.2,1.5,1,0,2.0
2019,5,10,20.5,0.0,12.5,1.6,1,1,2.0
2019,5,11,22.8,0.0,13.1,2.0,0,0,2.0
2019,5,12,22.1,0.0,11.8,2.2,1,0,2.0
2019,5,13,21.8,0.0,11.9,2.3,0,1,2.0
2019,5,14,19.8,0.5,0.6,2.4,1,0,2.0
2019,5,15,21.0,0.0,10.6,3.2,1,1,2.0
2019,5,16,21.7,0.0,9.7,2.1,1,1,2.0
2019,5,17,21.9,0.0,8.8,2.4,1,1,2.0
2019,5,18,21.3,0.0,1.6,3.9,1,1,2.0
2019,5,19,22.2,0.0,7.0,4.2,1,1,2.0
2019,5,20,22.0,8.5,1.7,3.4,1,2,2.0
2019,5,21,20.8,37.0,7.0,2.6,1,1,2.0
2019,5,22,21.0,0.0,13.2,2.0,0,0,2.0
2019,5,23,22.5,0.0,13.3,1.9,0,0,2.0
2019,5,24,24.5,0.0,13.1,1.9,0,0,2.0
2019,5,25,25.7,0.0,12.5,2.0,0,1,2.0
2019,5,26,25.7,0.0,10.9,1.8,1,1,2.0
2019,5,27,25.5,0.0,7.2,2.6,1,1,2.0
2019,5,28,20.9,29.0,0.0,2.6,2,1,2.0
2019,5,29,20.3,0.0,8.6,2.4,1,0,2.0
2019,5,30,21.8,0.0,13.1,2.1,0,1,2.0
2019,5,31,21.6,0.5,0.0,1.6,1,1,2.0
2019,6,1,22.5,0.0,9.3,1.9,1,1,1.0
2019,6,2,21.7,0.0,0.0,1.6,1,1,1.0
2019,6,3,23.9,0.0,11.1,2.2,1,1,1.0
2019,6,4,24.2,0.0,6.4,2.3,1,1,1.0
2019,6,5,25.0,0.0,7.3,2.1,1,1,1.0
2019,6,6,26.2,0.0,10.4,1.9,0,1,1.0
2019,6,7,21.6,36.0,0.0,2.4,2,1,1.0
2019,6,8,21.9,0.0,1.2,3.4,1,1,1.0
2019,6,9,21.9,0.0,7.8,2.8,0,1,1.0
2019,6,10,21.3,2.5,1.9,2.2,1,1,1.0
2019,6,11,22.5,0.0,6.0,2.4,1,1,1.0
2019,6,12,22.5,0.0,7.6,2.8,0,0,1.0
2019,6,13,23.6,0.0,13.2,2.4,0,0,1.0
2019,6,14,23.3,2.0,4.3,3.3,1,2,1.0
2019,6,15,21.1,16.0,3.7,4.7,1,2,1.0
2019,6,16,21.1,0.0,1.0,3.8,1,0,1.0
2019,6,17,21.6,0.0,10.7,1.9,1,0,1.0
2019,6,18,22.6,0.0,5.3,2.0,1,1,1.0
2019,6,19,24.3,0.0,9.0,1.8,1,1,1.0
2019,6,20,26.0,0.0,10.9,1.9,0,1,1.0
2019,6,21,25.1,0.5,7.2,2.2,1,1,1.0
2019,6,22,24.8,1.5,8.6,2.8,0,1,1.0
2019,6,23,23.3,0.5,1.5,3.1,1,1,1.0
2019,6,24,23.8,0.0,9.6,3.0,0,0,1.0
2019,6,25,25.0,0.0,13.9,2.4,0,1,1.0
2019,6,26,25.5,0.0,5.4,1.8,1,1,1.0
2019,6,27,24.7,26.5,0.0,1.7,2,1,1.0
2019,6,28,26.5,0.5,5.3,2.4,1,1,1.0
2019,6,29,27.1,1.0,3.3,2.1,1,2,1.0
2019,6,30,26.6,26.5,0.6,2.9,1,1,1.0
2019,7,1,24.9,11.0,1.8,2.3,1,1,1.0
2019,7,2,24.5,4.0,0.0,1.6,1,1,1.0
2019,7,3,24.7,4.5,0.1,1.2,1,2,1.0
2019,7,4,25.5,9.5,4.0,2.2,1,1,1.0
2019,7,5,24.5,0.0,1.2,4.6,1,1,1.0
2019,7,6,24.5,0.5,3.1,4.0,1,1,1.0
2019,7,7,26.4,0.0,7.8,2.1,0,0,1.0
2019,7,8,25.8,0.0,7.2,2.6,1,1,1.0
2019,7,9,24.6,3.0,0.6,2.4,1,1,1.0
2019,7,10,26.0,0.0,3.8,2.6,1,1,1.0
2019,7,11,23.3,24.5,0.0,3.1,2,1,1.0
2019,7,12,25.2,0.5,8.5,2.8,0,0,1.0
2019,7,13,23.9,10.5,0.2,2.1,2,2,1.0
2019,7,14,23.1,14.5,0.0,2.0,1,2,1.0
2019,7,15,25.2,0.5,3.3,2.5,1,1,1.0
2019,7,16,26.6,0.0,6.8,2.4,1,1,1.0
2019,7,17,27.1,0.0,7.5,2.0,0,1,1.0
2019,7,18,26.3,24.0,0.0,1.6,1,2,1.0
2019,7,19,24.6,31.5,0.0,1.4,2,2,1.0
2019,7,20,26.8,0.0,0.0,1.9,1,1,1.0
2019,7,21,28.7,0.0,2.4,1.9,1,1,1.0
2019,7,22,27.2,34.0,0.6,2.0,1,1,1.0
2019,7,23,27.0,18.5,4.5,2.3,1,1,1.0
2019,7,24,28.8,0.0,6.2,2.1,1,0,1.0
2019,7,25,29.7,0.0,8.6,1.9,0,0,1.0
2019,7,26,29.1,0.0,6.1,2.8,0,1,1.0
2019,7,27,26.4,11.0,0.0,3.1,1,1,1.0
2019,7,28,28.9,0.0,10.0,2.0,0,0,1.0
2019,7,29,30.3,0.0,11.7,2.0,0,0,1.0
2019,7,30,30.5,0.0,10.0,2.3,0,0,1.0
2019,7,31,31.2,0.0,11.6,2.3,0,0,1.0
2019,8,1,31.7,0.0,10.9,1.9,0,0,1.0
2019,8,2,31.4,0.0,9.4,2.1,0,0,1.0
2019,8,3,30.5,0.0,9.2,2.1,0,0,1.0
2019,8,4,30.4,0.0,11.7,2.0,0,0,1.0
2019,8,5,30.9,0.0,9.7,4.3,0,1,1.0
2019,8,6,31.0,0.0,3.6,3.0,1,0,1.0
2019,8,7,30.4,0.0,10.7,2.5,0,0,1.0
2019,8,8,30.2,0.0,11.9,2.3,0,0,1.0
2019,8,9,30.2,0.0,10.3,2.1,1,1,1.0
2019,8,10,30.7,0.0,11.3,2.2,0,0,1.0
2019,8,11,30.8,0.0,12.0,2.3,0,0,1.0
2019,8,12,31.1,0.0,9.8,4.0,1,0,1.0
2019,8,13,31.2,0.0,8.4,4.9,0,0,1.0
2019,8,14,30.7,0.0,5.9,5.7,0,0,1.0
2019,8,15,29.2,101.5,0.3,4.5,1,2,1.0
2019,8,16,29.7,39.5,7.5,4.1,0,1,1.0
2019,8,17,30.2,0.0,9.8,2.2,0,0,1.0
2019,8,18,30.1,0.0,10.2,2.0,0,0,1.0
2019,8,19,28.2,8.0,1.8,1.8,1,1,1.0
2019,8,20,28.4,6.0,4.0,2.2,1,1,1.0
2019,8,21,30.2,0.0,6.5,2.5,1,1,1.0
2019,8,22,30.0,0.0,6.6,2.6,1,1,1.0
2019,8,23,26.8,26.0,0.5,2.9,1,1,1.0
2019,8,24,26.0,2.5,4.3,2.7,1,1,1.0
2019,8,25,25.8,6.0,7.2,2.5,0,0,1.0
2019,8,26,26.5,0.0,10.5,1.7,0,0,1.0
2019,8,27,25.4,16.0,0.8,1.7,1,1,1.0
2019,8,28,26.9,3.5,0.0,3.3,2,1,1.0
2019,8,29,28.5,7.0,4.0,2.6,1,2,1.0
2019,8,30,25.5,16.0,0.2,2.4,1,1,1.0
2019,8,31,24.4,1.5,3.2,1.4,1,1,1.0
2019,9,1,26.0,0.0,1.5,1.3,1,1,3.0
2019,9,2,28.3,0.0,9.3,2.0,1,0,3.0
2019,9,3,29.2,0.0,11.2,2.1,0,0,3.0
2019,9,4,27.8,14.0,6.6,1.9,1,0,3.0
2019,9,5,26.8,30.0,4.6,1.8,1,0,3.0
2019,9,6,29.2,0.0,9.3,2.2,0,0,3.0
2019,9,7,29.6,0.0,10.0,2.7,1,0,3.0
2019,9,8,30.5,0.0,9.1,2.5,0,0,3.0
2019,9,9,30.3,0.0,11.4,2.6,0,0,3.0
2019,9,10,30.9,0.0,10.0,1.9,0,0,3.0
2019,9,11,29.1,3.5,6.9,2.2,1,1,3.0
2019,9,12,26.4,0.0,9.8,3.8,0,1,3.0
2019,9,13,23.3,21.0,0.6,3.2,2,1,3.0
2019,9,14,27.0,0.0,9.4,2.7,0,0,3.0
2019,9,15,27.7,0.0,10.6,3.2,0,0,3.0
2019,9,16,27.3,0.0,6.4,3.4,0,0,3.0
2019,9,17,26.9,0.0,7.5,3.1,0,1,3.0
2019,9,18,25.4,0.0,4.7,3.4,0,0,3.0
2019,9,19,23.1,0.0,9.4,3.2,0,0,3.0
2019,9,20,21.2,5.0,6.2,2.2,0,2,3.0
2019,9,21,21.3,1.0,1.6,3.5,1,1,3.0
2019,9,22,24.6,4.5,2.6,4.2,1,1,3.0
2019,9,23,26.4,2.0,2.8,4.3,1,1,3.0
2019,9,24,23.0,0.0,0.6,2.1,1,1,3.0
2019,9,25,23.5,0.0,10.9,2.7,0,0,3.0
2019,9,26,25.1,0.0,10.0,2.5,0,0,3.0
2019,9,27,26.0,0.0,1.6,2.5,1,1,3.0
2019,9,28,26.2,0.0,2.8,1.8,1,1,3.0
2019,9,29,27.1,0.0,7.2,2.0,1,1,3.0
2019,9,30,27.7,0.0,4.3,2.0,1,0,3.0
2019,10,1,27.4,0.0,9.6,2.3,0,1,3.0
2019,10,2,26.1,0.0,1.0,2.0,1,1,3.0
2019,10,3,24.5,8.5,1.4,2.0,1,1,3.0
2019,10,4,25.1,6.0,9.0,3.6,0,1,3.0
2019,10,5,23.4,0.0,7.2,2.2,1,0,3.0
2019,10,6,22.3,0.0,4.2,3.1,1,0,3.0
2019,10,7,22.4,0.0,9.7,2.3,0,1,3.0
2019,10,8,22.3,0.5,0.5,2.0,1,1,3.0
2019,10,9,19.9,0.0,11.2,3.0,0,0,3.0
2019,10,10,22.6,0.5,9.1,3.3,0,1,3.0
2019,10,11,24.6,0.5,0.1,4.4,1,2,3.0
2019,10,12,21.5,79.5,0.0,4.8,2,2,3.0
2019,10,13,19.4,0.0,4.0,3.8,0,0,3.0
2019,10,14,19.0,0.0,0.0,1.9,1,0,3.0
2019,10,15,18.4,0.0,5.2,3.0,0,0,3.0
2019,10,16,16.9,0.0,10.6,2.4,0,0,3.0
2019,10,17,18.5,0.0,2.4,3.4,1,1,3.0
2019,10,18,20.3,18.5,1.3,4.8,1,2,3.0
2019,10,19,21.5,2.5,1.0,2.7,1,1,3.0
2019,10,20,20.7,0.0,4.7,3.0,1,1,3.0
2019,10,21,18.6,12.0,0.0,4.0,1,2,3.0
2019,10,22,20.1,5.0,4.0,1.9,1,0,3.0
2019,10,23,20.7,0.0,7.3,1.9,1,1,3.0
2019,10,24,18.8,38.0,0.0,3.9,2,2,3.0
2019,10,25,17.7,29.0,0.3,2.8,2,0,3.0
2019,10,26,19.3,0.0,2.9,1.3,1,1,3.0
2019,10,27,19.0,0.0,5.2,2.1,1,1,3.0
2019,10,28,18.6,0.0,9.4,1.3,0,1,3.0
2019,10,29,16.2,13.5,0.0,1.3,2,0,3.0
2019,10,30,17.5,0.0,6.2,1.4,0,0,3.0
2019,10,31,17.4,0.0,8.3,1.7,1,0,3.0
2019,11,1,17.6,0.0,9.1,1.8,0,0,3.0
2019,11,2,16.6,0.0,9.9,1.6,0,1,3.0
2019,11,3,16.6,0.0,4.7,1.4,1,1,3.0
2019,11,4,15.6,0.0,8.0,2.5,0,0,3.0
2019,11,5,14.6,0.0,10.2,1.7,0,0,3.0
2019,11,6,14.4,0.0,10.3,1.4,0,0,3.0
2019,11,7,15.5,0.0,7.9,1.6,1,1,3.0
2019,11,8,14.9,0.0,8.0,3.1,0,0,3.0
2019,11,9,14.4,0.0,10.0,1.5,0,0,3.0
2019,11,10,15.0,0.0,8.3,1.8,0,1,3.0
2019,11,11,16.0,0.0,4.3,2.4,1,0,3.0
2019,11,12,16.8,0.0,8.6,2.5,0,1,3.0
2019,11,13,16.5,0.0,9.0,1.5,0,1,3.0
2019,11,14,14.9,0.0,1.7,3.1,1,0,3.0
2019,11,15,11.2,0.0,9.9,1.4,0,0,3.0
2019,11,16,13.0,0.0,9.4,1.6,0,0,3.0
2019,11,17,14.6,0.0,6.7,1.6,0,1,3.0
2019,11,18,17.6,2.0,5.9,2.5,1,2,3.0
2019,11,19,14.1,0.0,6.8,2.8,0,0,3.0
2019,11,20,10.7,0.0,5.8,2.4,0,0,3.0
2019,11,21,10.9,0.0,8.6,2.2,0,0,3.0
2019,11,22,12.6,0.0,0.2,2.4,1,1,3.0
2019,11,23,16.9,0.0,8.8,1.6,0,0,3.0
2019,11,24,16.1,0.0,1.8,1.3,1,1,3.0
2019,11,25,15.6,0.0,0.5,2.8,1,1,3.0
2019,11,26,12.8,0.0,1.6,3.0,1,1,3.0
2019,11,27,13.6,0.0,0.4,1.9,1,2,3.0
2019,11,28,10.1,0.0,0.2,3.2,1,0,3.0
2019,11,29,8.4,0.0,9.0,1.5,0,0,3.0
2019,11,30,8.2,0.0,8.2,1.9,0,0,3.0
2019,12,1,10.4,0.0,8.9,1.5,0,1,4.0
2019,12,2,13.2,7.0,0.3,2.5,2,0,4.0
2019,12,3,9.9,0.0,4.8,2.5,0,0,4.0
2019,12,4,9.8,0.0,7.3,2.3,0,0,4.0
2019,12,5,9.3,0.0,5.7,2.2,0,1,4.0
2019,12,6,7.5,0.0,2.5,2.8,1,1,4.0
2019,12,7,7.5,0.0,0.0,1.4,1,0,4.0
2019,12,8,8.5,0.0,3.8,1.3,0,0,4.0
2019,12,9,8.7,0.0,9.5,1.5,0,0,4.0
2019,12,10,10.1,0.0,7.9,1.1,0,1,4.0
2019,12,11,10.3,0.0,2.2,1.2,1,0,4.0
2019,12,12,10.1,0.0,3.6,2.2,0,0,4.0
2019,12,13,8.2,0.0,9.3,1.1,0,1,4.0
2019,12,14,9.2,0.0,4.9,2.1,0,0,4.0
2019,12,15,8.9,0.0,6.4,2.8,0,0,4.0
2019,12,16,9.3,0.0,9.3,1.6,0,1,4.0
2019,12,17,12.1,4.0,0.6,1.1,2,1,4.0
2019,12,18,12.6,4.0,0.0,2.2,1,0,4.0
2019,12,19,9.1,0.0,1.4,1.1,1,1,4.0
2019,12,20,10.4,0.0,4.4,2.2,0,1,4.0
2019,12,21,8.9,0.0,1.8,1.2,1,1,4.0
2019,12,22,7.0,13.0,0.0,1.9,1,2,4.0
2019,12,23,9.3,0.0,8.8,1.6,0,0,4.0
2019,12,24,9.5,0.0,5.7,2.1,1,0,4.0
2019,12,25,9.7,0.0,8.4,1.6,0,1,4.0
2019,12,26,10.0,9.5,0.0,1.7,2,2,4.0
2019,12,27,9.2,5.0,6.9,3.2,0,0,4.0
2019,12,28,7.3,0.0,4.8,1.5,0,0,4.0
2019,12,29,8.4,0.0,5.5,1.4,0,1,4.0
2019,12,30,9.7,15.0,0.0,2.6,2,1,4.0
2019,12,31,9.5,0.0,4.6,2.9,0,1,4.0
2020,1,1,6.9,0.0,6.0,2.0,0,0,4.0
2020,1,2,8.2,0.0,9.3,1.8,0,0,4.0
2020,1,3,10.3,0.0,5.9,2.1,0,0,4.0
2020,1,4,9.6,0.0,7.2,2.3,0,0,4.0
2020,1,5,7.0,0.0,4.0,2.3,0,0,4.0
2020,1,6,7.2,0.0,6.1,1.3,0,1,4.0
2020,1,7,6.7,2.0,0.0,2.4,2,1,4.0
2020,1,8,11.9,17.0,3.4,3.7,0,0,4.0
2020,1,9,10.9,0.0,5.5,2.5,0,1,4.0
2020,1,10,9.1,0.0,6.3,2.5,0,0,4.0
2020,1,11,7.9,0.0,7.9,1.4,1,0,4.0
2020,1,12,8.4,0.0,0.0,1.6,1,1,4.0
2020,1,13,9.1,0.0,8.6,3.5,0,0,4.0
2020,1,14,7.4,1.0,4.0,1.7,0,2,4.0
2020,1,15,7.1,1.0,3.4,2.3,1,0,4.0
2020,1,16,6.5,0.0,3.5,1.1,1,1,4.0
2020,1,17,6.9,0.0,0.0,1.5,1,1,4.0
2020,1,18,8.0,0.5,5.9,2.2,0,0,4.0
2020,1,19,8.0,0.0,5.7,1.6,0,0,4.0
2020,1,20,9.8,0.0,3.2,2.7,0,0,4.0
2020,1,21,8.0,0.0,6.4,2.5,0,0,4.0
2020,1,22,7.0,1.5,2.8,1.5,1,2,4.0
2020,1,23,9.4,27.0,0.0,2.5,1,1,4.0
2020,1,24,11.1,0.0,0.2,2.2,1,1,4.0
2020,1,25,8.0,0.0,1.8,3.0,1,1,4.0
2020,1,26,8.8,1.5,2.4,1.6,1,1,4.0
2020,1,27,8.6,5.0,0.0,5.4,2,1,4.0
2020,1,28,13.0,0.0,5.5,4.4,0,1,4.0
2020,1,29,11.5,4.5,1.6,1.9,1,0,4.0
2020,1,30,9.0,0.0,6.6,2.4,0,0,4.0
2020,1,31,6.6,0.0,3.0,3.1,1,1,4.0
2020,2,1,6.9,0.0,1.8,2.4,1,0,4.0
2020,2,2,7.7,0.0,8.2,1.3,0,0,4.0
2020,2,3,8.3,0.0,5.8,2.1,1,0,4.0
2020,2,4,7.8,0.0,10.1,1.6,0,0,4.0
2020,2,5,6.9,0.0,7.0,2.9,0,0,4.0
2020,2,6,3.3,0.0,6.8,3.3,0,0,4.0
2020,2,7,3.4,0.0,0.8,1.1,1,1,4.0
2020,2,8,6.6,0.0,3.4,1.8,0,1,4.0
2020,2,9,4.1,0.0,6.8,2.9,0,0,4.0
2020,2,10,4.8,0.0,2.3,2.1,1,0,4.0
2020,2,11,7.3,0.0,9.9,1.9,0,1,4.0
2020,2,12,8.9,2.0,4.2,1.8,0,2,4.0
2020,2,13,13.5,5.0,6.9,2.3,0,0,4.0
2020,2,14,11.7,2.5,0.3,1.3,1,0,4.0
2020,2,15,10.3,0.0,0.0,1.4,1,1,4.0
2020,2,16,11.7,17.0,0.0,3.0,2,2,4.0
2020,2,17,8.0,0.0,6.7,5.1,0,0,4.0
2020,2,18,5.5,0.0,4.4,3.2,0,0,4.0
2020,2,19,7.6,0.0,8.9,1.5,0,0,4.0
2020,2,20,8.4,0.0,7.6,1.5,1,0,4.0
2020,2,21,9.5,0.0,10.4,1.4,0,0,4.0
2020,2,22,9.3,16.0,0.1,1.9,1,0,4.0
2020,2,23,9.1,0.0,4.1,2.7,0,0,4.0
2020,2,24,8.7,0.0,10.5,1.5,0,1,4.0
2020,2,25,9.7,3.5,0.3,2.1,1,2,4.0
2020,2,26,10.2,8.0,1.0,2.5,1,0,4.0
2020,2,27,6.5,0.0,6.0,3.1,0,1,4.0
2020,2,28,7.4,0.0,4.3,1.7,0,1,4.0
2020,2,29,7.6,10.0,0.0,2.3,2,2,4.0
2020,3,1,10.3,0.0,4.6,1.8,1,1,2.0
2020,3,2,11.7,0.0,8.9,2.9,0,0,2.0
2020,3,3,10.4,0.0,8.3,2.6,0,0,2.0
2020,3,4,8.8,14.5,0.0,1.9,2,1,2.0
2020,3,5,7.4,0.5,6.0,3.2,0,0,2.0
2020,3,6,8.2,0.0,10.2,2.4,0,0,2.0
2020,3,7,9.4,0.0,6.6,2.0,1,2,2.0
2020,3,8,10.4,8.5,2.0,3.3,2,0,2.0
2020,3,9,13.0,0.0,8.7,1.1,0,1,2.0
2020,3,10,14.5,18.0,0.0,2.3,2,1,2.0
2020,3,11,12.5,0.0,4.8,3.5,0,0,2.0
2020,3,12,10.7,0.0,11.3,1.9,0,0,2.0
2020,3,13,11.7,0.0,9.2,1.8,1,1,2.0
2020,3,14,8.9,13.0,0.3,1.7,2,1,2.0
2020,3,15,8.6,1.0,9.0,3.0,0,0,2.0
2020,3,16,6.4,2.0,5.6,3.2,0,0,2.0
2020,3,17,8.8,0.0,11.1,1.9,0,0,2.0
2020,3,18,13.6,0.0,9.0,1.8,0,0,2.0
2020,3,19,15.6,0.0,9.9,2.1,0,0,2.0
2020,3,20,12.8,0.0,10.4,3.7,0,0,2.0
2020,3,21,13.6,0.0,10.9,1.9,0,0,2.0
2020,3,22,14.9,0.0,2.0,2.2,1,1,2.0
2020,3,23,12.3,0.0,10.0,3.0,0,0,2.0
2020,3,24,10.1,0.0,9.5,3.3,0,0,2.0
2020,3,25,11.0,0.0,11.7,1.4,0,0,2.0
2020,3,26,14.3,0.0,8.8,1.6,1,1,2.0
2020,3,27,15.8,17.5,0.0,1.2,2,2,2.0
2020,3,28,12.5,14.0,0.0,3.6,1,2,2.0
2020,3,29,9.1,12.0,1.5,3.4,1,0,2.0
2020,3,30,10.3,0.0,0.0,1.8,1,1,2.0
2020,3,31,14.7,0.0,1.3,3.7,1,1,2.0
2020,4,1,14.1,31.5,0.0,3.8,2,1,2.0
2020,4,2,11.8,0.0,5.3,3.1,0,0,2.0
2020,4,3,12.2,0.0,7.3,1.4,1,1,2.0
2020,4,4,14.7,0.0,11.3,2.8,0,0,2.0
2020,4,5,10.5,0.0,8.3,3.7,0,0,2.0
2020,4,6,11.2,0.0,11.6,2.3,0,0,2.0
2020,4,7,12.8,0.0,11.3,2.1,1,0,2.0
2020,4,8,14.8,0.0,11.2,2.6,0,0,2.0
2020,4,9,13.2,0.0,12.0,2.7,0,1,2.0
2020,4,10,11.4,0.0,9.3,3.4,0,0,2.0
2020,4,11,11.2,0.0,7.8,1.8,1,1,2.0
2020,4,12,9.2,21.5,0.0,4.0,2,2,2.0
2020,4,13,10.3,14.0,0.0,3.8,2,1,2.0
2020,4,14,12.7,0.0,11.1,3.4,0,0,2.0
2020,4,15,14.0,0.0,8.4,1.8,1,1,2.0
2020,4,16,14.9,0.0,10.5,2.6,1,0,2.0
2020,4,17,15.7,0.0,7.3,2.4,1,1,2.0
2020,4,18,15.5,25.5,2.6,3.3,1,1,2.0
2020,4,19,15.3,0.5,1.6,2.4,1,2,2.0
2020,4,20,15.7,23.5,4.0,2.8,1,0,2.0
2020,4,21,16.1,0.0,4.7,3.1,1,0,2.0
2020,4,22,12.8,0.0,1.2,3.5,1,0,2.0
2020,4,23,11.7,0.0,7.2,3.4,0,0,2.0
2020,4,24,12.0,0.0,10.1,2.8,0,0,2.0
2020,4,25,14.4,0.0,12.7,2.9,0,0,2.0
2020,4,26,17.7,0.0,7.9,3.1,1,1,2.0
2020,4,27,16.0,0.0,7.8,2.5,0,0,2.0
2020,4,28,15.4,0.0,10.0,2.2,0,0,2.0
2020,4,29,16.3,0.0,12.6,2.1,0,0,2.0
2020,4,30,18.4,0.0,12.7,2.0,0,0,2.0
2020,5,1,20.2,0.0,11.8,2.4,0,0,2.0
2020,5,2,21.3,0.0,11.3,1.9,0,1,2.0
2020,5,3,19.5,0.0,1.2,1.6,1,1,2.0
2020,5,4,20.8,1.0,6.9,2.8,1,1,2.0
2020,5,5,23.0,0.0,9.6,2.4,1,1,2.0
2020,5,6,19.9,0.0,1.2,3.1,1,0,2.0
2020,5,7,17.5,0.0,13.1,3.9,0,0,2.0
2020,5,8,18.2,0.0,10.2,2.8,0,0,2.0
2020,5,9,18.7,1.5,1.5,1.7,1,1,2.0
2020,5,10,20.7,4.0,0.4,2.5,1,2,2.0
2020,5,11,22.3,0.0,10.6,2.4,0,0,2.0
2020,5,12,21.8,0.0,9.6,2.4,1,0,2.0
2020,5,13,20.7,0.0,11.5,3.4,0,0,2.0
2020,5,14,20.7,0.0,12.5,1.9,0,1,2.0
2020,5,15,20.2,0.5,1.5,1.6,1,2,2.0
2020,5,16,16.8,20.5,0.0,2.5,2,1,2.0
2020,5,17,20.9,0.0,3.4,1.7,0,1,2.0
2020,5,18,21.2,36.5,3.8,2.1,1,2,2.0
2020,5,19,20.7,17.5,4.0,2.9,1,1,2.0
2020,5,20,20.1,0.0,10.4,3.8,0,0,2.0
2020,5,21,18.6,0.0,12.8,2.9,0,0,2.0
2020,5,22,19.9,0.0,3.5,2.6,1,1,2.0
2020,5,23,22.8,0.0,12.2,2.2,0,1,2.0
2020,5,24,22.9,0.0,7.7,2.4,0,1,2.0
2020,5,25,23.4,0.0,5.7,2.2,1,1,2.0
2020,5,26,21.7,6.0,0.2,1.6,1,2,2.0
2020,5,27,21.2,5.0,7.9,2.7,1,1,2.0
2020,5,28,21.8,0.0,12.0,2.5,0,0,2.0
2020,5,29,22.9,0.0,13.6,2.3,0,0,2.0
2020,5,30,23.0,0.0,11.2,2.7,1,1,2.0
2020,5,31,20.4,4.5,0.0,2.3,2,0,2.0
2020,6,1,22.8,0.0,6.8,2.2,1,1,1.0
2020,6,2,24.6,0.0,11.4,2.7,0,0,1.0
2020,6,3,24.3,0.0,4.0,1.6,1,1,1.0
2020,6,4,24.8,0.0,9.1,1.8,1,1,1.0
2020,6,5,25.8,0.0,9.2,2.2,1,1,1.0
2020,6,6,25.1,0.0,0.9,2.6,1,1,1.0
2020,6,7,24.4,0.0,13.6,3.8,0,0,1.0
2020,6,8,24.3,0.0,13.7,2.7,0,1,1.0
2020,6,9,24.8,0.0,10.6,2.1,1,0,1.0
2020,6,10,25.6,1.5,3.2,2.2,1,1,1.0
2020,6,11,25.1,14.5,0.0,2.6,2,2,1.0
2020,6,12,25.1,5.5,1.2,2.2,2,1,1.0
2020,6,13,24.9,24.0,0.1,2.0,2,2,1.0
2020,6,14,25.8,10.5,1.7,2.4,1,1,1.0
2020,6,15,26.7,0.0,8.7,3.1,1,0,1.0
2020,6,16,25.6,0.0,7.9,3.2,0,0,1.0
2020,6,17,24.8,0.0,10.5,2.3,0,1,1.0
2020,6,18,20.9,45.5,0.0,2.3,2,2,1.0
2020,6,19,19.9,47.0,0.1,2.5,2,1,1.0
2020,6,20,22.7,0.0,6.6,2.5,1,0,1.0
2020,6,21,23.7,0.0,6.6,3.0,1,1,1.0
2020,6,22,25.2,0.0,3.0,3.3,1,0,1.0
2020,6,23,26.6,0.0,12.9,1.9,0,0,1.0
2020,6,24,26.2,0.0,12.7,2.3,0,1,1.0
2020,6,25,25.7,1.5,0.1,1.8,1,1,1.0
2020,6,26,27.8,0.0,7.3,2.5,1,0,1.0
2020,6,27,27.0,0.0,1.7,2.2,1,1,1.0
2020,6,28,24.9,6.5,2.0,2.2,1,0,1.0
2020,6,29,25.8,0.0,9.4,1.9,0,1,1.0
2020,6,30,25.0,29.5,0.0,3.9,2,1,1.0
2020,7,1,25.8,6.0,4.7,4.0,1,0,1.0
2020,7,2,24.4,0.0,7.4,2.9,0,1,1.0
2020,7,3,22.0,38.5,0.0,2.4,2,2,1.0
2020,7,4,24.1,31.0,0.3,3.6,1,1,1.0
2020,7,5,25.7,7.5,6.5,2.0,1,1,1.0
2020,7,6,25.8,41.0,0.0,4.0,2,2,1.0
2020,7,7,26.1,9.5,0.1,3.6,2,2,1.0
2020,7,8,24.6,62.0,3.5,1.8,1,1,1.0
2020,7,9,25.4,3.0,0.1,1.6,1,1,1.0
2020,7,10,26.0,21.5,0.5,1.5,2,1,1.0
2020,7,11,27.1,9.5,0.9,3.1,1,1,1.0
2020,7,12,25.5,0.0,2.7,3.2,1,1,1.0
2020,7,13,21.1,16.5,0.0,1.8,2,2,1.0
2020,7,14,24.1,49.5,0.4,2.8,2,1,1.0
2020,7,15,23.9,2.5,2.3,3.3,1,1,1.0
2020,7,16,25.5,0.0,6.0,2.0,1,1,1.0
2020,7,17,23.9,8.5,0.6,3.0,2,2,1.0
2020,7,18,25.9,1.0,6.6,2.0,1,1,1.0
2020,7,19,27.8,0.0,8.5,1.9,0,1,1.0
2020,7,20,29.0,0.0,9.3,1.9,1,1,1.0
2020,7,21,30.0,2.5,8.6,2.3,1,1,1.0
2020,7,22,28.8,0.5,7.1,2.2,1,2,1.0
2020,7,23,27.3,0.0,0.1,2.8,1,1,1.0
2020,7,24,26.3,15.0,0.0,2.0,1,2,1.0
2020,7,25,24.9,46.5,0.0,1.7,2,1,1.0
2020,7,26,24.8,16.0,0.0,1.2,2,1,1.0
2020,7,27,26.6,1.5,1.6,1.8,1,1,1.0
2020,7,28,28.0,0.5,2.5,2.6,1,1,1.0
2020,7,29,28.5,0.0,5.1,2.2,1,1,1.0
2020,7,30,27.8,6.0,3.5,1.9,1,0,1.0
2020,7,31,28.2,17.0,6.3,2.2,0,0,1.0
2020,8,1,28.9,0.0,11.3,1.9,0,0,1.0
2020,8,2,29.2,0.0,7.7,2.0,1,1,1.0
2020,8,3,29.0,0.0,6.1,2.0,1,1,1.0
2020,8,4,29.6,0.0,5.7,1.8,1,1,1.0
2020,8,5,29.8,0.0,10.1,1.9,1,0,1.0
2020,8,6,29.5,0.0,10.7,2.3,0,0,1.0
2020,8,7,29.8,0.0,4.6,2.3,1,1,1.0
2020,8,8,30.2,0.0,5.4,2.6,1,1,1.0
2020,8,9,30.9,0.0,9.5,3.0,1,1,1.0
2020,8,10,32.0,0.0,9.0,3.1,0,0,1.0
2020,8,11,31.5,0.0,10.4,3.4,0,1,1.0
2020,8,12,31.2,0.0,9.5,2.8,0,0,1.0
2020,8,13,31.1,0.0,7.8,2.8,1,0,1.0
2020,8,14,31.6,0.0,12.0,2.5,1,0,1.0
2020,8,15,32.3,0.0,12.5,2.5,0,0,1.0
2020,8,16,32.8,0.0,11.5,2.3,0,0,1.0
2020,8,17,32.4,0.0,12.6,2.7,0,0,1.0
2020,8,18,31.5,0.0,12.2,3.2,1,0,1.0
2020,8,19,31.1,0.0,12.6,2.6,0,0,1.0
2020,8,20,32.0,0.0,12.1,2.2,0,0,1.0
2020,8,21,31.8,16.0,9.6,2.1,0,0,1.0
2020,8,22,29.8,0.0,8.9,3.0,0,1,1.0
2020,8,23,30.0,0.0,11.2,2.5,0,1,1.0
2020,8,24,30.6,0.0,8.9,2.2,0,0,1.0
2020,8,25,30.6,0.0,11.0,2.1,0,0,1.0
2020,8,26,30.9,0.0,12.0,2.1,0,0,1.0
2020,8,27,28.7,40.5,5.1,1.7,0,1,1.0
2020,8,28,29.3,0.0,4.1,1.7,1,1,1.0
2020,8,29,30.4,40.0,12.1,2.1,0,1,1.0
2020,8,30,30.7,18.0,9.4,2.0,0,0,1.0
2020,8,31,31.1,0.0,10.7,2.2,0,0,1.0
2020,9,1,29.9,5.0,7.4,2.6,0,0,3.0
2020,9,2,29.5,1.5,3.3,2.9,1,1,3.0
2020,9,3,30.2,0.0,0.5,3.0,1,1,3.0
2020,9,4,28.4,3.5,2.8,1.8,1,1,3.0
2020,9,5,29.2,0.5,9.0,2.2,0,0,3.0
2020,9,6,27.7,10.0,5.1,3.5,1,2,3.0
2020,9,7,28.4,7.5,5.2,4.0,1,0,3.0
2020,9,8,29.0,0.0,9.4,2.8,0,0,3.0
2020,9,9,25.2,1.5,0.5,1.5,1,1,3.0
2020,9,10,25.3,2.5,2.1,1.5,1,0,3.0
2020,9,11,26.9,0.0,1.1,1.9,1,0,3.0
2020,9,12,29.0,0.0,9.2,2.1,0,1,3.0
2020,9,13,26.6,1.5,0.7,2.8,1,0,3.0
2020,9,14,24.1,0.0,5.8,2.8,1,0,3.0
2020,9,15,24.8,0.0,11.5,1.9,1,0,3.0
2020,9,16,25.7,0.0,1.6,1.9,1,1,3.0
2020,9,17,27.9,0.0,0.9,2.4,1,1,3.0
2020,9,18,27.6,0.0,1.2,3.4,1,1,3.0
2020,9,19,25.0,0.0,7.7,2.6,0,1,3.0
2020,9,20,23.5,0.0,2.1,1.9,1,1,3.0
2020,9,21,23.6,0.0,9.5,3.2,0,0,3.0
2020,9,22,22.9,0.0,5.4,3.6,1,2,3.0
2020,9,23,25.4,0.0,4.9,3.8,1,1,3.0
2020,9,24,25.1,0.0,0.6,1.7,1,2,3.0
2020,9,25,21.6,64.0,0.0,2.6,2,1,3.0
2020,9,26,23.0,0.0,0.3,1.8,1,1,3.0
2020,9,27,22.4,0.0,5.9,2.6,0,0,3.0
2020,9,28,21.7,0.0,8.3,2.7,0,0,3.0
2020,9,29,22.3,0.0,8.2,2.7,1,0,3.0
2020,9,30,22.3,0.5,4.4,2.2,1,1,3.0
2020,10,1,21.9,2.0,11.1,2.8,0,0,3.0
2020,10,2,22.6,0.0,11.2,1.8,0,0,3.0
2020,10,3,23.6,0.0,4.3,1.5,1,1,3.0
2020,10,4,24.1,0.0,0.4,1.6,1,1,3.0
2020,10,5,22.5,0.0,4.4,3.1,1,0,3.0
2020,10,6,19.5,0.0,6.9,2.5,1,0,3.0
2020,10,7,19.4,5.0,2.9,3.2,1,2,3.0
2020,10,8,16.0,42.0,0.0,3.5,2,2,3.0
2020,10,9,18.4,55.5,0.0,4.5,2,2,3.0
2020,10,10,20.7,34.5,1.2,4.1,2,1,3.0
2020,10,11,22.3,0.0,2.2,1.7,1,0,3.0
2020,10,12,22.7,0.0,10.5,1.9,0,0,3.0
2020,10,13,22.1,0.0,7.5,2.7,0,0,3.0
2020,10,14,20.8,0.0,9.1,2.4,0,0,3.0
2020,10,15,19.2,0.0,10.6,3.9,0,0,3.0
2020,10,16,18.8,0.0,5.2,2.6,1,2,3.0
2020,10,17,13.1,26.0,0.0,2.1,2,1,3.0
2020,10,18,15.2,0.0,6.6,1.4,1,0,3.0
2020,10,19,15.1,1.0,0.0,1.3,1,0,3.0
2020,10,20,17.2,0.0,9.1,1.9,0,0,3.0
2020,10,21,18.7,0.0,8.8,2.3,0,1,3.0
2020,10,22,19.6,0.5,1.6,2.9,1,2,3.0
2020,10,23,17.9,38.5,0.0,2.0,2,0,3.0
2020,10,24,16.5,0.0,9.1,3.0,0,0,3.0
2020,10,25,15.1,0.0,10.1,1.9,0,0,3.0
2020,10,26,16.1,0.0,9.6,1.5,0,0,3.0
2020,10,27,16.5,0.0,10.2,1.7,0,0,3.0
2020,10,28,16.9,0.0,4.3,1.4,1,1,3.0
2020,10,29,16.8,0.0,8.8,2.3,0,0,3.0
2020,10,30,14.6,0.0,6.8,2.7,0,0,3.0
2020,10,31,14.5,0.0,10.3,1.3,0,0,3.0
2020,11,1,16.8,0.0,5.7,2.5,1,1,3.0
2020,11,2,16.4,24.0,0.0,1.6,2,2,3.0
2020,11,3,15.3,1.5,6.9,2.7,0,0,3.0
2020,11,4,12.8,0.0,8.7,2.2,0,0,3.0
2020,11,5,13.0,0.0,9.5,1.2,0,1,3.0
2020,11,6,15.6,0.0,5.1,1.3,1,1,3.0
2020,11,7,16.7,10.0,0.0,1.7,1,2,3.0
2020,11,8,17.6,0.0,6.1,1.9,0,0,3.0
2020,11,9,13.7,0.0,5.6,2.6,0,0,3.0
2020,11,10,12.5,0.0,5.9,2.0,0,0,3.0
2020,11,11,11.0,0.0,4.7,1.6,0,0,3.0
2020,11,12,12.9,0.0,7.9,2.2,0,0,3.0
2020,11,13,14.8,0.0,0.0,1.6,1,0,3.0
2020,11,14,14.3,0.0,9.8,2.2,0,0,3.0
2020,11,15,15.3,0.0,9.8,1.4,0,0,3.0
2020,11,16,17.0,0.0,6.5,1.5,1,0,3.0
2020,11,17,17.1,0.0,9.4,1.6,0,0,3.0
2020,11,18,18.7,0.0,9.1,1.4,0,1,3.0
2020,11,19,20.5,0.0,8.0,1.9,0,1,3.0
2020,11,20,19.9,5.0,0.5,2.3,1,1,3.0
2020,11,21,14.3,0.0,7.0,2.9,0,0,3.0
2020,11,22,14.5,3.5,4.8,1.3,0,1,3.0
2020,11,23,14.4,0.5,3.2,2.6,0,0,3.0
2020,11,24,12.4,0.0,9.7,1.9,0,0,3.0
2020,11,25,12.1,0.0,0.0,1.5,1,0,3.0
2020,11,26,13.3,0.0,8.4,1.6,0,1,3.0
2020,11,27,14.8,2.5,7.7,2.1,0,1,3.0
2020,11,28,11.6,0.0,2.1,2.8,0,0,3.0
2020,11,29,10.6,0.0,5.9,1.5,0,0,3.0
2020,11,30,10.7,0.0,5.2,1.5,0,0,3.0
2020,12,1,10.7,0.0,6.7,1.2,0,0,4.0
2020,12,2,10.9,0.0,9.6,1.1,0,0,4.0
2020,12,3,11.2,0.0,4.4,1.9,0,0,4.0
2020,12,4,10.5,0.0,9.5,2.2,0,0,4.0
2020,12,5,10.1,0.0,9.5,1.4,0,0,4.0
2020,12,6,10.4,0.0,9.5,1.0,0,0,4.0
2020,12,7,11.3,0.0,7.6,1.4,0,0,4.0
2020,12,8,11.8,0.0,7.4,1.8,0,0,4.0
2020,12,9,10.2,0.0,5.9,1.0,1,0,4.0
2020,12,10,10.7,0.0,7.2,1.5,0,1,4.0
2020,12,11,12.3,0.0,6.2,1.2,0,1,4.0
2020,12,12,12.6,0.0,3.1,1.7,1,0,4.0
2020,12,13,11.0,0.0,2.3,2.1,1,0,4.0
2020,12,14,9.2,0.0,1.6,3.4,1,0,4.0
2020,12,15,5.6,0.0,7.1,4.1,0,0,4.0
2020,12,16,4.6,0.0,8.3,4.6,0,0,4.0
2020,12,17,4.7,0.0,5.7,1.9,0,0,4.0
2020,12,18,7.1,0.0,7.2,2.6,0,0,4.0
2020,12,19,6.5,0.0,1.5,2.4,1,0,4.0
2020,12,20,5.5,0.0,4.2,1.6,1,0,4.0
2020,12,21,6.3,0.0,6.9,1.6,0,0,4.0
2020,12,22,7.4,0.0,8.8,1.7,0,0,4.0
2020,12,23,8.2,0.0,8.1,1.5,0,0,4.0
2020,12,24,7.2,1.5,0.0,1.2,1,1,4.0
2020,12,25,8.3,0.0,5.3,3.1,0,0,4.0
2020,12,26,7.4,0.0,5.0,1.8,1,0,4.0
2020,12,27,7.6,0.5,6.6,1.2,0,2,4.0
2020,12,28,9.0,4.5,4.9,1.8,0,0,4.0
2020,12,29,8.9,0.0,5.3,1.3,1,1,4.0
2020,12,30,7.4,12.0,4.3,3.3,0,0,4.0
2020,12,31,3.7,0.0,7.3,4.0,0,0,4.0
2021,1,1,4.6,0.0,6.6,3.6,0,0,4.0
2021,1,2,5.6,0.0,8.9,2.9,0,0,4.0
2021,1,3,6.1,0.0,5.4,2.5,0,1,4.0
2021,1,4,6.1,0.0,8.5,1.5,0,0,4.0
2021,1,5,6.1,0.0,0.1,1.2,1,1,4.0
2021,1,6,6.8,0.0,6.4,3.0,1,1,4.0
2021,1,7,3.3,1.0,2.7,4.2,1,0,4.0
2021,1,8,0.2,0.0,6.8,4.3,0,0,4.0
2021,1,9,0.9,0.0,8.4,4.0,0,0,4.0
2021,1,10,2.5,0.0,9.1,3.3,0,0,4.0
2021,1,11,3.4,0.0,2.5,1.3,1,1,4.0
2021,1,12,3.2,3.5,0.0,1.0,1,0,4.0
2021,1,13,5.5,0.0,9.3,1.8,0,0,4.0
2021,1,14,7.5,0.0,8.8,1.5,0,0,4.0
2021,1,15,9.3,0.0,9.3,1.5,0,0,4.0
2021,1,16,8.6,0.5,1.0,1.7,1,1,4.0
2021,1,17,6.8,0.0,5.1,2.9,1,0,4.0
2021,1,18,4.6,0.0,9.0,2.7,0,1,4.0
2021,1,19,4.1,0.0,5.1,3.1,0,1,4.0
2021,1,20,4.7,0.0,7.1,1.6,0,0,4.0
2021,1,21,7.2,0.0,9.8,1.4,0,0,4.0
2021,1,22,8.5,7.0,0.0,1.8,2,2,4.0
2021,1,23,8.6,26.5,0.0,3.0,2,2,4.0
2021,1,24,8.3,12.0,0.0,1.7,2,1,4.0
2021,1,25,10.1,0.0,8.4,1.9,0,0,4.0
2021,1,26,12.1,7.5,6.1,2.6,1,2,4.0
2021,1,27,11.6,6.5,2.3,3.0,1,1,4.0
2021,1,28,8.6,0.0,5.4,2.0,1,0,4.0
2021,1,29,3.8,0.0,9.3,5.2,0,0,4.0
2021,1,30,4.8,0.0,8.2,2.8,0,0,4.0
2021,1,31,7.7,0.0,6.7,2.1,0,0,4.0
2021,2,1,7.9,11.0,1.1,1.9,1,2,4.0
2021,2,2,9.5,8.0,7.0,3.1,0,0,4.0
2021,2,3,5.7,0.0,8.4,3.4,0,0,4.0
2021,2,4,6.7,0.0,2.9,2.7,0,0,4.0
2021,2,5,7.3,0.0,9.9,1.5,0,1,4.0
2021,2,6,10.8,0.0,9.9,1.5,0,0,4.0
2021,2,7,9.6,0.0,6.1,2.1,0,0,4.0
2021,2,8,6.8,0.0,4.0,2.4,0,0,4.0
2021,2,9,4.7,0.0,5.8,1.7,0,0,4.0
2021,2,10,7.8,0.0,9.4,1.8,0,0,4.0
2021,2,11,9.8,0.0,8.9,2.3,0,1,4.0
2021,2,12,10.1,0.0,2.6,1.6,1,0,4.0
2021,2,13,13.7,0.0,9.9,1.6,0,0,4.0
2021,2,14,14.5,0.0,9.6,1.5,0,2,4.0
2021,2,15,13.1,24.0,0.5,3.6,2,0,4.0
2021,2,16,8.4,0.0,10.3,4.3,0,1,4.0
2021,2,17,3.9,0.5,2.9,4.7,1,0,4.0
2021,2,18,2.6,0.0,8.3,3.6,0,1,4.0
2021,2,19,5.1,0.0,4.7,2.2,1,0,4.0
2021,2,20,10.0,0.0,10.2,2.0,0,0,4.0
2021,2,21,13.6,0.0,10.3,1.7,0,0,4.0
2021,2,22,14.7,0.0,10.6,1.9,0,0,4.0
2021,2,23,10.5,0.0,5.2,3.7,1,0,4.0
2021,2,24,6.3,0.0,10.2,3.0,0,0,4.0
2021,2,25,7.5,0.0,8.8,1.3,0,1,4.0
2021,2,26,7.6,1.5,0.0,2.8,2,1,4.0
2021,2,27,6.7,0.0,8.3,4.0,1,1,4.0
2021,2,28,9.5,0.0,3.5,2.1,1,0,4.0
2021,3,1,14.3,0.0,9.5,1.8,0,1,2.0
2021,3,2,10.3,34.5,0.4,2.7,2,0,2.0
2021,3,3,6.8,0.0,8.2,3.3,0,1,2.0
2021,3,4,11.0,0.0,6.8,1.9,0,1,2.0
2021,3,5,12.0,8.5,0.2,3.4,2,1,2.0
2021,3,6,11.7,0.0,2.2,3.6,1,1,2.0
2021,3,7,8.5,0.0,5.0,3.4,0,1,2.0
2021,3,8,8.5,2.5,3.7,3.3,1,0,2.0
2021,3,9,9.2,0.0,4.9,1.7,1,0,2.0
2021,3,10,11.1,0.0,10.2,3.3,0,0,2.0
2021,3,11,10.2,0.0,10.2,1.5,0,1,2.0
2021,3,12,11.9,12.0,0.4,2.7,1,2,2.0
2021,3,13,11.5,11.5,0.7,3.3,1,0,2.0
2021,3,14,10.8,0.0,10.6,2.6,0,0,2.0
2021,3,15,11.8,0.0,9.3,1.8,0,1,2.0
2021,3,16,13.8,0.0,0.5,1.9,1,1,2.0
2021,3,17,12.1,0.0,10.8,3.4,0,0,2.0
2021,3,18,11.4,0.0,11.0,2.5,0,0,2.0
2021,3,19,13.3,0.0,10.3,3.1,0,0,2.0
2021,3,20,15.4,0.0,4.4,2.3,1,2,2.0
2021,3,21,14.4,48.0,0.0,2.3,2,1,2.0
2021,3,22,10.1,1.5,3.8,2.8,1,0,2.0
2021,3,23,10.3,0.0,11.5,2.0,0,0,2.0
2021,3,24,13.5,0.0,11.3,2.0,0,1,2.0
2021,3,25,14.0,0.5,1.6,1.1,2,0,2.0
2021,3,26,13.4,0.0,9.5,2.6,0,0,2.0
2021,3,27,14.0,0.0,11.1,2.0,1,1,2.0
2021,3,28,15.8,26.5,0.0,1.6,2,2,2.0
2021,3,29,16.6,0.0,8.3,2.5,1,0,2.0
2021,3,30,16.5,0.0,6.6,2.2,1,0,2.0
2021,3,31,15.3,0.0,11.5,2.7,0,1,2.0
2021,4,1,16.3,0.0,10.6,3.3,1,1,2.0
2021,4,2,18.8,0.0,6.6,3.2,0,0,2.0
2021,4,3,18.0,0.0,1.9,1.9,1,0,2.0
2021,4,4,17.0,25.5,0.1,2.3,2,2,2.0
2021,4,5,12.4,0.0,7.4,4.3,1,0,2.0
2021,4,6,11.5,4.0,2.0,2.2,1,2,2.0
2021,4,7,14.2,0.0,12.0,2.2,0,0,2.0
2021,4,8,14.9,0.0,10.8,2.6,1,0,2.0
2021,4,9,11.9,0.0,11.3,3.9,0,0,2.0
2021,4,10,11.1,0.0,11.9,2.8,0,0,2.0
2021,4,11,13.7,0.0,12.3,2.2,0,0,2.0
2021,4,12,16.7,0.0,5.9,2.3,0,1,2.0
2021,4,13,17.9,5.0,0.8,2.6,1,2,2.0
2021,4,14,14.7,7.0,1.8,3.0,1,0,2.0
2021,4,15,13.3,0.0,11.0,1.9,1,1,2.0
2021,4,16,16.2,0.5,0.9,3.0,1,2,2.0
2021,4,17,13.8,59.5,0.1,1.9,2,0,2.0
2021,4,18,12.2,0.5,5.0,3.1,0,0,2.0
2021,4,19,13.5,0.0,12.2,2.0,0,0,2.0
2021,4,20,17.0,0.0,12.1,1.8,0,0,2.0
2021,4,21,19.3,0.0,12.3,2.1,0,0,2.0
2021,4,22,19.4,0.0,11.7,2.6,1,0,2.0
2021,4,23,18.1,0.0,10.8,3.1,1,1,2.0
2021,4,24,18.0,0.0,8.0,2.2,1,1,2.0
2021,4,25,16.8,0.0,8.2,3.3,0,0,2.0
2021,4,26,13.5,0.0,12.8,3.6,0,0,2.0
2021,4,27,15.5,0.0,11.8,2.4,1,1,2.0
2021,4,28,16.8,17.0,0.0,1.3,2,2,2.0
2021,4,29,15.3,105.0,0.0,1.6,2,1,2.0
2021,4,30,18.0,0.0,8.9,2.7,0,0,2.0
2021,5,1,18.3,7.5,5.7,3.3,1,0,2.0
2021,5,2,14.1,1.0,3.7,4.3,0,0,2.0
2021,5,3,15.7,0.0,12.6,2.4,0,0,2.0
2021,5,4,18.5,0.0,9.4,1.8,1,1,2.0
2021,5,5,17.3,27.0,0.0,1.7,2,2,2.0
2021,5,6,19.2,0.0,11.9,1.4,0,0,2.0
2021,5,7,17.6,2.0,0.1,1.5,1,1,2.0
2021,5,8,18.7,0.0,5.0,1.7,1,1,2.0
2021,5,9,20.5,0.0,11.0,3.2,0,0,2.0
2021,5,10,19.1,0.0,9.9,2.4,0,1,2.0
2021,5,11,18.9,0.0,5.3,3.3,1,1,2.0
2021,5,12,17.7,7.0,0.0,3.5,1,2,2.0
2021,5,13,21.1,3.0,10.2,3.6,1,1,2.0
2021,5,14,22.9,0.0,7.4,2.0,1,1,2.0
2021,5,15,22.8,0.0,6.2,1.8,1,2,2.0
2021,5,16,21.0,7.5,0.3,2.8,1,1,2.0
2021,5,17,23.0,36.5,0.0,2.7,2,1,2.0
2021,5,18,22.2,1.0,0.9,1.6,1,1,2.0
2021,5,19,21.2,2.5,0.2,1.3,2,1,2.0
2021,5,20,20.3,101.0,0.0,2.2,2,2,2.0
2021,5,21,21.3,95.5,0.0,2.8,2,1,2.0
2021,5,22,19.4,1.5,5.6,2.6,1,0,2.0
2021,5,23,21.9,0.0,9.9,1.7,0,1,2.0
2021,5,24,20.0,2.0,0.3,2.0,2,1,2.0
2021,5,25,21.1,0.0,9.5,2.8,0,1,2.0
2021,5,26,20.5,0.0,3.3,2.0,1,1,2.0
2021,5,27,16.8,45.0,0.0,2.2,2,1,2.0
2021,5,28,20.6,0.0,2.6,1.6,1,1,2.0
2021,5,29,22.8,0.0,13.1,3.4,0,0,2.0
2021,5,30,21.8,0.0,12.2,2.4,0,0,2.0
2021,5,31,22.2,0.0,13.6,2.5,0,0,2.0
2021,6,1,23.2,0.0,12.9,2.3,0,0,1.0
2021,6,2,23.4,0.0,4.2,2.1,1,1,1.0
2021,6,3,22.9,0.5,6.6,2.5,1,2,1.0
2021,6,4,20.3,46.0,0.0,1.9,2,1,1.0
2021,6,5,20.7,0.0,1.6,1.7,1,1,1.0
2021,6,6,22.7,0.0,4.8,1.8,1,1,1.0
2021,6,7,25.0,0.0,10.0,1.8,1,0,1.0
2021,6,8,26.0,0.0,11.7,2.1,1,0,1.0
2021,6,9,25.9,0.0,13.2,2.3,0,0,1.0
2021,6,10,25.2,0.0,12.3,2.2,0,0,1.0
2021,6,11,24.3,0.0,6.8,2.0,1,1,1.0
2021,6,12,24.6,0.0,1.8,1.8,1,1,1.0
2021,6,13,23.6,5.5,0.4,1.7,1,1,1.0
2021,6,14,24.5,41.0,8.1,2.0,1,1,1.0
2021,6,15,25.3,0.0,5.1,1.9,1,2,1.0
2021,6,16,21.9,18.0,0.0,2.7,2,1,1.0
2021,6,17,24.5,0.0,9.9,2.9,1,1,1.0
2021,6,18,23.5,1.5,1.2,1.4,1,2,1.0
2021,6,19,21.0,25.0,0.0,1.7,2,1,1.0
2021,6,20,23.2,0.0,4.7,2.1,1,1,1.0
2021,6,21,24.5,0.0,11.0,2.1,1,1,1.0
2021,6,22,24.1,0.0,0.6,1.7,1,1,1.0
2021,6,23,24.8,0.0,10.0,2.4,0,0,1.0
2021,6,24,24.7,0.0,8.6,2.5,0,0,1.0
2021,6,25,25.5,0.0,8.0,2.0,1,1,1.0
2021,6,26,24.1,0.0,0.6,1.4,1,1,1.0
2021,6,27,23.7,0.0,0.4,1.8,1,1,1.0
2021,6,28,24.9,0.0,5.6,1.9,1,1,1.0
2021,6,29,24.6,6.5,5.9,2.5,1,0,1.0
2021,6,30,25.1,28.0,7.6,2.2,1,2,1.0
2021,7,1,23.1,28.5,0.0,3.0,2,2,1.0
2021,7,2,24.8,8.5,0.2,2.1,1,2,1.0
2021,7,3,27.1,8.0,2.6,1.7,1,1,1.0
2021,7,4,27.5,0.5,1.7,1.7,1,1,1.0
2021,7,5,28.3,0.0,0.8,2.3,1,1,1.0
2021,7,6,28.4,0.0,1.3,2.1,1,1,1.0
2021,7,7,25.4,56.0,0.0,1.8,2,2,1.0
2021,7,8,25.5,64.0,0.7,1.6,2,1,1.0
2021,7,9,26.7,4.0,2.4,1.8,1,1,1.0
2021,7,10,27.8,0.0,1.5,2.2,1,1,1.0
2021,7,11,28.3,0.0,10.0,2.5,0,1,1.0
2021,7,12,26.9,0.5,3.2,2.0,1,1,1.0
2021,7,13,27.3,0.0,7.1,1.9,1,0,1.0
2021,7,14,26.2,51.5,3.8,1.4,1,1,1.0
2021,7,15,25.9,39.5,3.6,1.8,1,1,1.0
2021,7,16,26.7,7.5,1.5,2.8,1,1,1.0
2021,7,17,28.6,0.0,9.3,3.4,0,1,1.0
2021,7,18,28.1,0.0,6.6,3.1,1,0,1.0
2021,7,19,29.0,0.0,13.1,2.3,0,0,1.0
2021,7,20,29.0,0.0,9.1,1.8,0,0,1.0
2021,7,21,29.5,0.0,13.1,2.6,0,1,1.0
2021,7,22,29.2,0.0,12.9,2.4,0,0,1.0
2021,7,23,29.1,0.0,11.8,2.3,1,0,1.0
2021,7,24,29.1,0.0,10.9,2.2,0,0,1.0
2021,7,25,29.2,0.0,8.9,2.2,0,0,1.0
2021,7,26,29.8,0.0,8.1,2.2,0,0,1.0
2021,7,27,30.0,0.0,7.9,2.8,1,1,1.0
2021,7,28,29.6,0.0,8.3,2.2,0,1,1.0
2021,7,29,29.6,0.0,9.9,2.2,0,0,1.0
2021,7,30,30.2,0.0,11.0,2.1,0,0,1.0
2021,7,31,30.0,0.0,9.7,2.0,0,0,1.0
2021,8,1,29.8,0.0,9.4,1.8,0,0,1.0
2021,8,2,30.1,0.0,9.0,2.1,1,0,1.0
2021,8,3,28.0,5.0,0.4,2.1,1,1,1.0
2021,8,4,30.1,0.0,12.4,2.1,0,0,1.0
2021,8,5,31.3,0.0,12.6,2.1,0,0,1.0
2021,8,6,30.1,0.0,4.6,3.6,1,1,1.0
2021,8,7,30.7,0.0,8.2,3.6,1,0,1.0
2021,8,8,31.1,0.0,11.0,2.6,0,1,1.0
2021,8,9,28.0,10.5,1.3,5.1,1,1,1.0
2021,8,10,28.2,0.0,6.0,3.7,1,1,1.0
2021,8,11,27.8,0.0,4.3,2.3,1,1,1.0
2021,8,12,25.0,54.0,0.0,1.8,2,2,1.0
2021,8,13,25.0,43.5,0.0,2.1,2,2,1.0
2021,8,14,26.3,19.0,0.0,4.0,2,2,1.0
2021,8,15,25.0,34.0,1.6,2.1,1,1,1.0
2021,8,16,25.4,0.0,0.2,1.8,1,1,1.0
2021,8,17,24.2,65.0,0.0,1.4,2,2,1.0
2021,8,18,26.1,38.5,4.4,1.7,2,1,1.0
2021,8,19,23.4,37.0,0.0,1.5,2,0,1.0
2021,8,20,24.6,4.5,4.2,1.8,2,1,1.0
2021,8,21,26.1,0.0,0.8,1.7,1,1,1.0
2021,8,22,27.9,0.0,3.8,1.9,1,1,1.0
2021,8,23,28.3,0.5,4.9,2.0,1,1,1.0
2021,8,24,28.5,3.0,2.4,2.4,1,1,1.0
2021,8,25,29.5,0.0,7.3,2.5,1,0,1.0
2021,8,26,29.7,0.0,8.1,2.1,1,1,1.0
2021,8,27,30.0,0.0,11.0,2.3,0,0,1.0
2021,8,28,30.0,0.0,11.2,2.8,0,1,1.0
2021,8,29,30.2,0.0,9.4,2.2,0,0,1.0
2021,8,30,30.4,0.0,8.8,2.4,0,1,1.0
2021,8,31,29.5,0.0,7.9,2.6,0,0,1.0
2021,9,1,28.3,0.0,2.6,2.5,1,1,3.0
2021,9,2,25.1,29.0,0.0,2.4,2,2,3.0
2021,9,3,22.9,49.5,0.0,1.8,2,1,3.0
2021,9,4,24.1,21.5,1.0,2.2,1,1,3.0
2021,9,5,25.9,0.0,6.1,2.0,1,1,3.0
2021,9,6,26.0,0.0,8.1,2.8,0,0,3.0
2021,9,7,25.2,0.0,5.4,2.3,1,1,3.0
2021,9,8,24.8,0.5,0.8,2.2,1,1,3.0
2021,9,9,25.1,12.5,4.9,2.4,1,0,3.0
2021,9,10,26.4,0.0,10.5,2.2,0,1,3.0
2021,9,11,26.1,16.0,3.8,1.5,1,1,3.0
2021,9,12,24.8,2.5,0.0,1.1,1,1,3.0
2021,9,13,25.1,0.0,2.5,2.2,1,1,3.0
2021,9,14,21.4,6.5,0.0,1.8,2,2,3.0
2021,9,15,23.7,7.0,3.2,2.5,1,0,3.0
2021,9,16,24.3,0.0,2.9,2.0,1,1,3.0
2021,9,17,23.8,12.0,0.0,2.0,2,2,3.0
2021,9,18,25.7,31.5,2.5,2.7,1,0,3.0
2021,9,19,25.4,0.0,3.9,2.5,1,0,3.0
2021,9,20,25.8,0.0,5.7,2.0,0,0,3.0
2021,9,21,25.3,0.0,8.1,2.6,0,1,3.0
2021,9,22,25.9,1.0,6.2,2.0,1,0,3.0
2021,9,23,25.9,0.0,10.6,2.5,0,0,3.0
2021,9,24,24.5,0.0,7.8,2.9,0,1,3.0
2021,9,25,24.6,0.0,9.9,2.4,0,1,3.0
2021,9,26,21.0,2.5,0.0,3.2,1,1,3.0
2021,9,27,23.5,0.0,10.6,3.2,0,0,3.0
2021,9,28,24.5,0.0,1.6,1.9,1,1,3.0
2021,9,29,25.2,0.0,2.5,2.0,0,0,3.0
2021,9,30,24.7,0.0,3.7,2.8,1,1,3.0
2021,10,1,24.8,0.0,1.1,3.4,1,0,3.0
2021,10,2,23.9,0.0,11.0,2.2,0,0,3.0
2021,10,3,24.4,0.0,11.1,1.9,0,0,3.0
2021,10,4,24.9,0.0,11.1,1.7,0,0,3.0
2021,10,5,25.5,0.0,10.5,1.9,0,1,3.0
2021,10,6,23.8,0.0,6.9,2.1,0,0,3.0
2021,10,7,24.9,0.0,9.0,2.0,0,0,3.0
2021,10,8,25.6,0.0,7.5,1.7,0,0,3.0
2021,10,9,25.6,0.0,7.6,1.9,0,0,3.0
2021,10,10,25.7,0.0,10.5,1.7,0,0,3.0
2021,10,11,25.2,0.0,1.5,2.0,1,1,3.0
2021,10,12,24.5,1.5,2.3,2.9,1,1,3.0
2021,10,13,24.2,0.0,3.0,3.0,1,0,3.0
2021,10,14,23.0,0.0,8.7,2.6,0,0,3.0
2021,10,15,22.7,0.0,10.9,2.4,0,0,3.0
2021,10,16,22.6,20.5,7.5,2.4,0,2,3.0
2021,10,17,16.7,8.5,4.5,3.8,0,0,3.0
2021,10,18,16.0,0.0,6.5,2.1,0,1,3.0
2021,10,19,16.9,1.0,1.2,1.9,1,1,3.0
2021,10,20,15.3,0.0,8.0,3.0,0,1,3.0
2021,10,21,14.3,0.0,2.7,1.7,1,1,3.0
2021,10,22,15.7,0.5,6.2,2.1,0,1,3.0
2021,10,23,15.2,0.0,6.1,2.9,0,0,3.0
2021,10,24,14.7,0.0,7.0,1.9,1,1,3.0
2021,10,25,14.4,35.5,0.0,3.1,2,2,3.0
2021,10,26,16.5,0.0,5.3,1.6,0,0,3.0
2021,10,27,16.5,0.0,6.9,1.3,1,0,3.0
2021,10,28,17.1,0.0,8.0,2.4,0,0,3.0
2021,10,29,15.9,0.0,9.0,2.3,0,0,3.0
2021,10,30,16.4,0.0,9.7,1.4,0,1,3.0
2021,10,31,17.6,1.0,1.8,1.8,1,0,3.0
2021,11,1,18.3,0.0,8.3,1.6,1,1,3.0
2021,11,2,17.8,0.0,6.1,1.9,1,0,3.0
2021,11,3,16.7,0.0,8.6,1.8,0,0,3.0
2021,11,4,15.9,0.0,9.8,1.7,0,0,3.0
2021,11,5,15.6,0.0,5.5,1.5,1,0,3.0
2021,11,6,15.4,0.0,7.9,2.0,1,1,3.0
2021,11,7,17.4,0.0,8.0,4.0,0,1,3.0
2021,11,8,19.4,0.5,1.2,3.9,1,1,3.0
2021,11,9,15.3,27.5,0.0,2.0,2,0,3.0
2021,11,10,14.4,2.0,3.7,3.6,0,1,3.0
2021,11,11,12.9,14.0,0.5,2.2,2,1,3.0
2021,11,12,12.4,1.0,3.8,2.3,1,0,3.0
2021,11,13,12.1,0.0,8.8,1.6,0,1,3.0
2021,11,14,13.4,0.0,5.3,1.5,0,0,3.0
2021,11,15,14.2,0.0,9.2,1.5,0,0,3.0
2021,11,16,14.5,0.0,8.1,1.6,0,0,3.0
2021,11,17,14.2,0.0,9.4,1.2,0,1,3.0
2021,11,18,14.1,0.0,6.5,1.6,1,0,3.0
2021,11,19,14.2,0.0,8.7,1.3,0,0,3.0
2021,11,20,14.7,0.0,7.6,1.8,0,0,3.0
2021,11,21,14.6,0.0,6.2,1.4,1,1,3.0
2021,11,22,14.8,33.5,0.0,2.0,2,1,3.0
2021,11,23,10.6,0.0,5.3,3.4,0,0,3.0
2021,11,24,11.3,0.0,7.3,3.7,0,1,3.0
2021,11,25,14.0,0.0,5.4,2.2,0,1,3.0
2021,11,26,14.1,0.0,9.0,2.6,0,0,3.0
2021,11,27,9.2,0.0,6.4,2.7,0,0,3.0
2021,11,28,9.3,0.0,8.7,1.7,0,0,3.0
2021,11,29,9.6,0.0,9.6,1.7,0,0,3.0
2021,11,30,13.5,20.0,5.6,2.7,0,2,3.0
2021,12,1,10.8,22.0,6.2,4.3,0,0,4.0
2021,12,2,8.0,0.0,9.6,1.8,0,0,4.0
2021,12,3,9.6,1.0,8.1,1.9,0,1,4.0
2021,12,4,10.0,0.0,5.5,2.8,0,1,4.0
2021,12,5,7.7,0.0,3.5,2.0,1,0,4.0
2021,12,6,10.5,0.0,4.5,2.0,1,1,4.0
2021,12,7,11.1,32.0,0.0,1.2,2,1,4.0
2021,12,8,12.0,0.0,2.1,2.6,1,0,4.0
2021,12,9,11.3,0.0,9.3,1.2,0,0,4.0
2021,12,10,11.4,0.0,5.5,1.5,0,0,4.0
2021,12,11,11.7,0.0,7.7,1.0,0,0,4.0
2021,12,12,12.9,0.0,4.5,2.2,1,1,4.0
2021,12,13,9.6,0.0,8.8,3.1,0,0,4.0
2021,12,14,8.2,0.0,9.5,1.3,0,0,4.0
2021,12,15,9.8,0.0,9.0,1.6,0,0,4.0
2021,12,16,11.2,4.5,4.7,1.4,1,2,4.0
2021,12,17,9.6,15.5,2.2,3.9,1,0,4.0
2021,12,18,4.9,0.0,5.8,2.7,0,0,4.0
2021,12,19,6.9,0.0,6.8,3.7,0,1,4.0
2021,12,20,9.3,0.0,8.2,2.8,0,0,4.0
2021,12,21,10.3,0.0,5.9,1.6,0,0,4.0
2021,12,22,8.9,0.0,0.4,2.1,1,0,4.0
2021,12,23,8.2,0.0,9.3,1.3,0,0,4.0
2021,12,24,9.0,6.0,4.0,1.2,0,2,4.0
2021,12,25,8.8,0.0,3.5,3.2,1,1,4.0
2021,12,26,3.6,0.0,3.8,3.7,0,0,4.0
2021,12,27,3.4,0.0,6.9,4.1,0,0,4.0
2021,12,28,5.6,0.0,5.5,2.1,0,1,4.0
2021,12,29,7.0,0.0,4.4,1.3,0,1,4.0
2021,12,30,7.9,0.5,7.3,3.8,0,0,4.0
2021,12,31,4.0,0.0,7.8,4.6,0,0,4.0
2022,1,1,3.8,0.0,4.7,2.3,0,0,4.0
2022,1,2,4.8,0.0,9.0,1.5,0,0,4.0
2022,1,3,7.7,0.0,9.0,1.8,0,0,4.0
2022,1,4,7.1,0.0,3.3,3.0,0,0,4.0
2022,1,5,4.9,0.0,2.6,2.0,1,1,4.0
2022,1,6,4.2,0.0,2.8,1.6,3,0,4.0
2022,1,7,5.8,0.0,3.1,2.1,1,0,4.0
2022,1,8,5.7,0.0,9.6,1.1,0,0,4.0
2022,1,9,7.0,0.0,7.7,1.2,1,1,4.0
2022,1,10,9.0,0.0,9.4,1.3,0,0,4.0
2022,1,11,6.4,7.5,0.5,2.6,2,0,4.0
2022,1,12,4.3,0.0,2.6,2.5,1,1,4.0
2022,1,13,4.6,0.0,6.3,4.7,0,0,4.0
2022,1,14,3.6,0.0,4.5,2.6,0,1,4.0
2022,1,15,5.9,0.0,6.9,1.2,1,0,4.0
2022,1,16,6.5,0.0,7.3,1.6,0,1,4.0
2022,1,17,7.5,0.0,4.7,3.4,1,0,4.0
2022,1,18,3.9,0.0,2.5,2.8,0,0,4.0
2022,1,19,4.4,0.0,6.2,1.6,0,0,4.0
2022,1,20,4.4,0.0,6.8,3.0,0,0,4.0
2022,1,21,3.4,0.0,7.3,2.4,0,1,4.0
2022,1,22,5.1,0.0,5.7,1.8,1,0,4.0
2022,1,23,3.6,12.5,0.0,2.2,1,2,4.0
2022,1,24,6.1,0.0,5.0,2.8,1,0,4.0
2022,1,25,5.0,0.0,3.2,1.3,1,0,4.0
2022,1,26,7.0,0.0,8.1,1.7,0,1,4.0
2022,1,27,7.7,0.0,5.2,1.9,0,0,4.0
2022,1,28,6.3,0.0,6.6,2.0,0,0,4.0
2022,1,29,6.4,0.0,3.2,1.8,1,0,4.0
2022,1,30,6.6,0.0,4.5,2.0,1,1,4.0
2022,1,31,5.3,0.0,3.9,1.8,0,0,4.0
2022,2,1,5.9,0.0,6.1,2.7,0,0,4.0
2022,2,2,6.2,0.0,6.9,2.6,0,0,4.0
2022,2,3,6.7,0.0,2.9,2.7,1,0,4.0
2022,2,4,5.5,0.0,8.6,2.7,0,0,4.0
2022,2,5,3.9,0.0,5.5,4.2,0,0,4.0
2022,2,6,3.3,0.0,6.9,3.4,0,0,4.0
2022,2,7,4.4,0.0,6.5,1.7,0,1,4.0
2022,2,8,5.7,0.0,1.9,1.7,1,1,4.0
2022,2,9,6.2,0.0,9.0,2.2,0,0,4.0
2022,2,10,6.1,0.0,1.1,1.6,1,0,4.0
2022,2,11,6.9,0.0,7.9,1.6,0,0,4.0
2022,2,12,7.1,0.0,9.2,1.6,1,0,4.0
2022,2,13,4.8,8.0,0.0,2.4,1,1,4.0
2022,2,14,7.0,0.0,5.4,2.0,1,0,4.0
2022,2,15,7.4,0.0,7.0,2.4,1,1,4.0
2022,2,16,4.8,0.0,7.6,3.6,0,0,4.0
2022,2,17,2.7,0.0,7.7,3.3,0,1,4.0
2022,2,18,4.6,0.0,3.6,2.0,1,1,4.0
2022,2,19,4.9,8.0,0.8,2.1,1,2,4.0
2022,2,20,5.6,0.5,4.8,2.7,0,0,4.0
2022,2,21,3.7,0.0,6.6,3.0,0,0,4.0
2022,2,22,4.4,0.0,6.5,3.5,0,0,4.0
2022,2,23,3.4,0.0,4.8,2.0,1,0,4.0
2022,2,24,3.8,0.0,5.0,1.8,0,0,4.0
2022,2,25,5.1,0.0,10.8,2.2,0,0,4.0
2022,2,26,7.3,0.0,10.8,1.8,0,0,4.0
2022,2,27,8.9,0.0,7.4,2.5,0,0,4.0
2022,2,28,8.6,0.0,10.0,1.6,0,0,4.0
2022,3,1,7.1,14.5,0.2,1.6,1,1,2.0
2022,3,2,9.8,0.0,4.2,1.7,1,1,2.0
2022,3,3,9.2,0.0,8.4,3.0,0,0,2.0
2022,3,4,8.3,0.0,5.9,1.4,1,0,2.0
2022,3,5,10.3,0.0,9.8,2.7,0,0,2.0
2022,3,6,6.4,0.0,6.9,2.9,0,0,2.0
2022,3,7,6.2,0.0,3.1,2.5,1,1,2.0
2022,3,8,6.9,0.0,10.5,1.8,0,0,2.0
2022,3,9,8.4,0.0,6.8,1.6,1,0,2.0
2022,3,10,10.2,0.0,10.7,1.5,0,0,2.0
2022,3,11,12.0,0.0,10.3,1.8,1,1,2.0
2022,3,12,15.6,0.0,10.3,1.8,0,1,2.0
2022,3,13,16.7,0.0,6.5,2.2,1,1,2.0
2022,3,14,17.6,14.0,5.9,2.1,1,1,2.0
2022,3,15,16.7,0.0,9.3,2.8,0,0,2.0
2022,3,16,15.0,0.0,10.6,2.4,0,0,2.0
2022,3,17,13.5,0.0,6.6,3.6,1,1,2.0
2022,3,18,10.5,32.0,0.0,4.4,2,2,2.0
2022,3,19,9.9,4.5,2.1,2.8,1,2,2.0
2022,3,20,8.9,0.0,5.9,2.3,0,1,2.0
2022,3,21,10.4,0.0,6.3,2.0,1,1,2.0
2022,3,22,7.2,16.5,2.1,3.0,2,0,2.0
2022,3,23,8.8,2.0,5.4,1.9,1,2,2.0
2022,3,24,10.6,0.0,10.0,2.3,0,0,2.0
2022,3,25,13.2,0.0,9.1,1.8,1,1,2.0
2022,3,26,15.3,13.5,0.0,1.8,2,1,2.0
2022,3,27,15.5,2.0,9.0,2.5,0,0,2.0
2022,3,28,12.1,0.0,5.0,3.6,0,1,2.0
2022,3,29,11.6,0.0,0.7,1.8,1,1,2.0
2022,3,30,15.4,0.0,10.5,1.8,0,1,2.0
2022,3,31,13.5,5.5,0.0,2.4,2,1,2.0
2022,4,1,9.5,3.0,9.7,4.9,0,0,2.0
2022,4,2,9.5,0.0,7.7,1.9,1,1,2.0
2022,4,3,10.7,2.0,0.0,3.7,2,1,2.0
2022,4,4,13.0,0.0,10.1,3.2,0,0,2.0
2022,4,5,13.4,0.0,11.2,1.7,0,1,2.0
2022,4,6,16.3,0.0,10.2,2.0,1,0,2.0
2022,4,7,16.2,0.0,11.2,2.8,0,0,2.0
2022,4,8,16.2,0.0,11.4,2.1,0,0,2.0
2022,4,9,17.1,0.0,11.9,2.1,0,0,2.0
2022,4,10,19.1,0.0,11.3,1.7,0,0,2.0
2022,4,11,18.6,0.0,6.4,1.7,1,0,2.0
2022,4,12,19.7,0.0,9.5,2.0,1,0,2.0
2022,4,13,21.0,0.0,5.2,2.0,1,1,2.0
2022,4,14,20.0,6.0,3.8,3.2,1,2,2.0
2022,4,15,16.1,7.5,0.1,4.0,1,1,2.0
2022,4,16,13.5,0.0,10.0,4.1,0,1,2.0
2022,4,17,14.8,0.0,11.4,2.4,0,0,2.0
2022,4,18,17.7,0.0,4.9,2.4,1,0,2.0
2022,4,19,17.6,0.0,12.1,2.2,1,0,2.0
2022,4,20,18.2,0.0,11.9,2.4,0,0,2.0
2022,4,21,17.0,8.5,1.0,1.8,1,1,2.0
2022,4,22,18.5,0.0,9.3,2.5,0,0,2.0
2022,4,23,20.1,0.0,6.4,1.9,1,1,2.0
2022,4,24,17.6,15.0,0.0,2.0,2,1,2.0
2022,4,25,20.9,0.0,9.7,1.7,0,1,2.0
2022,4,26,21.9,28.5,0.1,3.2,1,2,2.0
2022,4,27,19.2,11.0,0.4,3.4,1,1,2.0
2022,4,28,18.7,0.0,9.6,2.9,0,0,2.0
2022,4,29,15.9,34.5,0.1,3.3,2,1,2.0
2022,4,30,15.8,0.0,10.8,2.6,0,1,2.0
2022,5,1,14.9,5.0,1.4,2.3,2,0,2.0
2022,5,2,14.6,0.0,10.8,2.4,0,0,2.0
2022,5,3,15.6,0.0,12.8,1.8,0,0,2.0
2022,5,4,17.9,0.0,12.0,2.0,0,1,2.0
2022,5,5,19.4,0.0,11.4,1.7,0,1,2.0
2022,5,6,20.3,0.0,6.7,1.8,1,0,2.0
2022,5,7,21.4,0.0,12.1,2.6,0,1,2.0
2022,5,8,17.8,0.0,11.5,3.8,0,0,2.0
2022,5,9,14.5,0.0,0.2,2.5,1,0,2.0
2022,5,10,18.2,0.0,7.3,2.4,1,1,2.0
2022,5,11,20.5,0.5,4.8,2.2,2,1,2.0
2022,5,12,19.3,17.5,0.0,2.4,2,2,2.0
2022,5,13,20.2,13.5,0.0,1.9,2,2,2.0
2022,5,14,19.7,8.5,1.7,2.6,1,1,2.0
2022,5,15,17.2,0.0,0.7,1.7,1,1,2.0
2022,5,16,18.1,0.0,0.6,1.9,1,1,2.0
2022,5,17,18.8,0.0,1.1,1.3,1,1,2.0
2022,5,18,20.7,0.0,12.0,1.7,0,0,2.0
2022,5,19,21.9,0.0,10.5,1.8,1,1,2.0
2022,5,20,21.5,0.0,0.3,1.3,1,1,2.0
2022,5,21,19.8,0.0,0.1,2.1,1,1,2.0
2022,5,22,21.2,2.0,11.7,2.3,0,1,2.0
2022,5,23,22.4,0.0,9.7,2.5,0,0,2.0
2022,5,24,22.7,0.0,13.0,2.6,0,0,2.0
2022,5,25,23.8,0.0,12.1,2.1,0,0,2.0
2022,5,26,23.1,4.0,5.9,2.0,1,2,2.0
2022,5,27,22.0,17.5,9.5,2.5,0,0,2.0
2022,5,28,23.5,0.0,13.1,2.7,1,0,2.0
2022,5,29,25.2,0.0,13.0,1.9,0,0,2.0
2022,5,30,22.5,9.0,5.1,2.1,1,2,2.0
2022,5,31,20.8,2.5,3.5,2.6,1,0,2.0
2022,6,1,21.3,0.0,5.1,1.5,1,0,1.0
2022,6,2,23.2,0.0,13.4,2.0,0,0,1.0
2022,6,3,24.0,0.0,10.3,2.7,0,0,1.0
2022,6,4,22.9,0.0,11.1,3.0,0,1,1.0
2022,6,5,21.5,6.5,3.1,2.1,1,2,1.0
2022,6,6,19.9,17.0,0.0,3.0,2,1,1.0
2022,6,7,20.5,0.0,6.0,3.1,0,0,1.0
2022,6,8,20.9,0.0,13.1,1.9,0,0,1.0
2022,6,9,22.8,0.0,13.4,2.9,0,0,1.0
2022,6,10,24.1,0.0,10.2,2.1,0,1,1.0
2022,6,11,22.0,1.5,0.0,2.6,2,2,1.0
2022,6,12,22.6,0.0,12.5,3.5,0,1,1.0
2022,6,13,22.1,0.0,5.2,2.4,1,1,1.0
2022,6,14,19.9,13.0,0.0,4.1,2,2,1.0
2022,6,15,21.3,1.5,1.8,2.6,1,1,1.0
2022,6,16,23.5,0.5,1.3,1.8,1,1,1.0
2022,6,17,25.3,0.0,6.9,2.0,1,1,1.0
2022,6,18,24.6,0.0,3.0,1.8,1,0,1.0
2022,6,19,25.2,0.0,6.1,2.2,1,1,1.0
2022,6,20,26.0,0.0,3.4,2.0,1,1,1.0
2022,6,21,23.8,55.5,0.0,1.5,2,2,1.0
2022,6,22,25.7,3.0,6.7,2.0,0,1,1.0
2022,6,23,28.0,0.0,9.3,2.1,0,0,1.0
2022,6,24,29.9,0.0,11.6,4.7,0,0,1.0
2022,6,25,27.6,2.5,4.7,2.9,1,0,1.0
2022,6,26,27.1,0.0,7.4,2.1,1,0,1.0
2022,6,27,28.0,0.0,8.4,2.1,1,0,1.0
2022,6,28,28.7,0.0,12.8,2.7,0,0,1.0
2022,6,29,29.2,0.0,13.8,3.0,0,0,1.0
2022,6,30,30.1,0.0,12.8,2.2,0,0,1.0
2022,7,1,31.1,0.0,13.3,2.0,0,0,1.0
2022,7,2,29.3,0.0,12.1,2.5,0,1,1.0
2022,7,3,27.9,1.5,0.5,1.8,1,2,1.0
2022,7,4,26.3,4.5,0.0,1.2,2,2,1.0
2022,7,5,25.8,44.0,0.8,1.7,2,2,1.0
2022,7,6,28.4,0.0,7.2,2.5,0,0,1.0
2022,7,7,29.1,0.0,11.9,2.3,0,1,1.0
2022,7,8,28.0,0.0,3.4,2.3,1,1,1.0
2022,7,9,28.2,26.0,6.6,2.3,0,2,1.0
2022,7,10,27.4,9.0,4.4,1.8,1,0,1.0
2022,7,11,28.4,0.0,5.1,2.2,1,1,1.0
2022,7,12,26.3,45.5,0.4,2.0,2,1,1.0
2022,7,13,27.3,0.0,5.9,2.1,1,1,1.0
2022,7,14,26.0,2.0,0.0,1.5,2,1,1.0
2022,7,15,27.3,0.5,2.2,1.9,1,1,1.0
2022,7,16,26.4,0.5,0.5,1.6,1,1,1.0
2022,7,17,27.7,0.0,8.7,2.7,0,0,1.0
2022,7,18,28.5,1.0,3.7,2.3,1,2,1.0
2022,7,19,27.6,19.0,0.1,3.1,2,1,1.0
2022,7,20,28.7,0.0,7.7,2.1,0,0,1.0
2022,7,21,28.3,0.0,3.3,1.7,1,1,1.0
2022,7,22,28.0,13.5,9.5,3.6,0,1,1.0
2022,7,23,27.2,0.0,7.6,3.0,0,0,1.0
2022,7,24,28.0,0.0,13.3,2.3,0,0,1.0
2022,7,25,30.1,0.0,9.5,2.1,0,0,1.0
2022,7,26,31.2,0.0,10.6,2.3,0,1,1.0
2022,7,27,29.7,0.0,5.2,2.2,1,0,1.0
2022,7,28,30.0,0.0,10.5,2.1,1,0,1.0
2022,7,29,30.2,7.0,6.8,1.7,0,0,1.0
2022,7,30,30.4,0.0,7.6,2.4,1,0,1.0
2022,7,31,30.7,0.0,10.4,2.4,0,0,1.0
2022,8,1,31.1,0.0,13.2,2.7,1,0,1.0
2022,8,2,30.9,0.0,12.6,2.4,1,0,1.0
2022,8,3,31.0,3.5,10.5,2.5,0,1,1.0
2022,8,4,29.9,2.5,5.7,2.8,0,1,1.0
2022,8,5,28.5,1.5,3.9,1.7,1,0,1.0
2022,8,6,28.8,16.0,7.0,1.7,1,0,1.0
2022,8,7,30.1,0.0,11.2,2.0,0,0,1.0
2022,8,8,30.8,0.0,10.9,2.3,0,0,1.0
2022,8,9,31.2,0.0,10.5,2.8,0,1,1.0
2022,8,10,31.3,0.0,11.5,2.5,1,1,1.0
2022,8,11,31.1,0.0,10.6,2.4,0,1,1.0
2022,8,12,30.6,0.5,4.0,2.0,1,0,1.0
2022,8,13,30.4,0.0,7.7,2.8,1,1,1.0
2022,8,14,30.8,0.0,6.2,3.2,1,0,1.0
2022,8,15,31.6,0.0,10.5,3.0,0,0,1.0
2022,8,16,30.9,8.0,5.3,3.7,1,1,1.0
2022,8,17,27.2,5.5,0.0,2.0,1,1,1.0
2022,8,18,27.5,7.0,5.6,2.7,1,1,1.0
2022,8,19,28.4,0.0,9.8,2.5,0,1,1.0
2022,8,20,29.7,1.0,2.6,2.1,1,2,1.0
2022,8,21,28.2,21.0,3.3,2.3,1,0,1.0
2022,8,22,29.4,0.5,6.1,2.2,1,1,1.0
2022,8,23,30.1,0.0,4.5,1.9,0,1,1.0
2022,8,24,28.8,0.0,0.6,2.5,1,1,1.0
2022,8,25,29.1,0.0,3.2,2.1,1,1,1.0
2022,8,26,29.0,0.0,7.9,2.2,1,0,1.0
2022,8,27,28.6,0.0,3.5,2.2,1,1,1.0
2022,8,28,26.4,0.0,4.7,3.6,1,0,1.0
2022,8,29,27.3,0.0,9.1,2.6,0,0,1.0
2022,8,30,27.1,6.5,3.1,2.1,1,1,1.0
2022,8,31,29.7,0.0,10.1,1.9,0,0,1.0
2022,9,1,27.3,20.5,1.0,2.3,1,2,3.0
2022,9,2,26.5,21.5,6.4,2.8,0,1,3.0
2022,9,3,26.6,17.5,5.4,2.3,0,1,3.0
2022,9,4,28.3,0.0,9.0,2.0,0,0,3.0
2022,9,5,29.3,0.0,8.2,2.4,0,1,3.0
2022,9,6,29.5,1.0,6.4,4.3,0,2,3.0
2022,9,7,25.9,2.5,3.8,3.6,1,1,3.0
2022,9,8,25.4,39.0,0.2,2.9,1,2,3.0
2022,9,9,25.5,5.0,0.1,2.7,1,1,3.0
2022,9,10,27.5,0.5,7.6,2.8,0,0,3.0
2022,9,11,28.8,0.0,11.2,2.0,0,0,3.0
2022,9,12,29.6,0.0,11.4,2.7,0,0,3.0
2022,9,13,29.8,0.0,11.1,3.9,1,0,3.0
2022,9,14,29.6,0.0,10.3,3.6,1,0,3.0
2022,9,15,28.9,0.0,10.0,2.9,1,0,3.0
2022,9,16,27.8,0.0,10.7,3.7,0,1,3.0
2022,9,17,26.4,3.5,0.6,5.6,1,1,3.0
2022,9,18,28.8,0.0,3.2,4.2,1,1,3.0
2022,9,19,28.9,16.0,0.2,4.4,1,2,3.0
2022,9,20,22.3,16.0,3.0,4.1,1,1,3.0
2022,9,21,21.2,0.0,3.7,3.4,1,1,3.0
2022,9,22,22.8,2.0,4.1,4.0,1,1,3.0
2022,9,23,23.0,17.0,0.4,2.9,2,1,3.0
2022,9,24,24.3,0.0,9.8,3.1,0,0,3.0
2022,9,25,23.4,0.0,10.4,1.9,0,0,3.0
2022,9,26,25.7,0.0,11.5,1.7,0,0,3.0
2022,9,27,23.6,18.5,3.4,3.0,1,1,3.0
2022,9,28,23.2,0.0,2.5,2.6,1,1,3.0
2022,9,29,23.4,0.0,2.1,2.3,1,0,3.0
2022,9,30,24.1,0.0,10.5,2.8,0,0,3.0
2022,10,1,24.2,0.0,11.0,2.1,0,0,3.0
2022,10,2,24.6,0.0,11.1,2.1,0,0,3.0
2022,10,3,24.9,0.0,4.6,1.7,1,1,3.0
2022,10,4,26.6,0.0,7.4,2.7,1,1,3.0
2022,10,5,21.0,2.5,0.4,4.2,1,0,3.0
2022,10,6,19.1,0.0,2.4,2.8,1,1,3.0
2022,10,7,16.7,33.0,0.0,1.7,2,1,3.0
2022,10,8,18.2,0.0,2.5,2.9,1,0,3.0
2022,10,9,16.5,20.0,0.0,3.2,1,2,3.0
2022,10,10,18.9,24.5,0.0,2.2,1,0,3.0
2022,10,11,18.5,0.0,7.4,2.8,1,1,3.0
2022,10,12,17.7,0.0,0.0,2.0,1,0,3.0
2022,10,13,20.2,0.0,9.4,3.1,0,0,3.0
2022,10,14,21.2,0.0,10.7,2.8,0,0,3.0
2022,10,15,21.5,0.0,10.9,2.4,0,0,3.0
2022,10,16,22.8,0.0,8.6,1.9,0,1,3.0
2022,10,17,20.4,6.0,0.0,1.2,2,2,3.0
2022,10,18,18.2,0.0,6.8,3.1,0,0,3.0
2022,10,19,16.7,0.0,10.7,2.5,0,0,3.0
2022,10,20,16.9,0.0,10.8,1.8,0,0,3.0
2022,10,21,18.5,0.0,10.2,2.0,0,1,3.0
2022,10,22,20.8,0.0,3.6,1.6,0,0,3.0
2022,10,23,19.9,4.5,8.3,1.9,0,0,3.0
2022,10,24,15.9,2.0,6.0,2.8,0,0,3.0
2022,10,25,15.3,0.0,8.7,2.8,0,0,3.0
2022,10,26,15.5,0.0,10.6,1.8,0,0,3.0
2022,10,27,14.6,0.0,2.1,1.5,1,0,3.0
2022,10,28,16.5,0.0,10.3,2.1,0,0,3.0
2022,10,29,16.1,0.0,9.4,2.9,0,1,3.0
2022,10,30,15.1,0.0,8.9,1.9,0,0,3.0
2022,10,31,15.4,0.0,8.8,2.4,0,0,3.0
2022,11,1,15.4,5.5,0.0,3.7,2,1,3.0
2022,11,2,18.2,0.0,9.9,1.9,0,0,3.0
2022,11,3,17.7,0.0,9.9,2.0,0,0,3.0
2022,11,4,17.0,0.0,7.3,2.4,0,0,3.0
2022,11,5,14.8,0.0,9.6,1.9,0,0,3.0
2022,11,6,14.5,0.0,10.2,2.0,0,0,3.0
2022,11,7,14.7,0.0,7.0,1.9,0,0,3.0
2022,11,8,15.2,0.0,8.0,1.7,0,0,3.0
2022,11,9,15.1,0.0,10.0,1.3,0,0,3.0
2022,11,10,16.2,0.0,9.6,1.7,0,0,3.0
2022,11,11,17.1,0.0,9.7,1.4,0,0,3.0
2022,11,12,18.0,0.0,9.7,1.4,0,0,3.0
2022,11,13,16.8,23.5,0.1,1.6,2,1,3.0
2022,11,14,14.7,0.0,1.6,2.4,1,0,3.0
2022,11,15,13.7,0.0,9.6,1.7,0,0,3.0
2022,11,16,14.1,0.0,9.3,2.1,0,0,3.0
2022,11,17,12.7,0.0,5.1,1.1,0,0,3.0
2022,11,18,13.3,0.0,9.9,1.5,0,0,3.0
2022,11,19,13.4,0.0,6.7,1.7,0,0,3.0
2022,11,20,14.9,11.0,1.9,4.3,1,2,3.0
2022,11,21,15.4,5.0,1.9,1.6,1,0,3.0
2022,11,22,15.0,0.0,4.7,1.6,1,1,3.0
2022,11,23,14.3,11.0,0.0,2.2,2,0,3.0
2022,11,24,15.3,0.0,6.3,2.2,1,0,3.0
2022,11,25,13.9,0.0,9.4,1.0,0,1,3.0
2022,11,26,14.3,0.0,1.7,1.1,1,0,3.0
2022,11,27,14.7,0.0,8.5,1.9,0,1,3.0
2022,11,28,14.6,0.0,6.5,1.5,0,1,3.0
2022,11,29,17.0,22.0,0.0,1.6,2,2,3.0
2022,11,30,14.0,3.5,0.8,2.9,1,0,3.0
2022,12,1,9.4,0.0,4.5,2.1,1,0,4.0
2022,12,2,8.2,0.0,5.7,2.0,1,0,4.0
2022,12,3,8.1,0.0,7.9,1.5,0,1,4.0
2022,12,4,10.5,0.0,0.8,1.4,1,1,4.0
2022,12,5,10.6,0.5,2.8,1.5,1,0,4.0
2022,12,6,9.8,0.0,7.0,2.1,0,0,4.0
2022,12,7,9.7,0.0,3.4,2.2,0,1,4.0
2022,12,8,11.5,0.0,8.4,2.3,0,1,4.0
2022,12,9,10.5,0.0,7.8,1.2,0,0,4.0
2022,12,10,11.4,0.0,9.2,1.4,0,1,4.0
2022,12,11,11.0,0.0,5.9,2.4,0,0,4.0
2022,12,12,10.1,0.0,9.2,1.6,0,1,4.0
2022,12,13,11.3,2.5,3.0,2.6,0,1,4.0
2022,12,14,8.7,0.0,6.4,4.3,0,0,4.0
2022,12,15,6.2,0.0,6.7,2.6,0,0,4.0
2022,12,16,7.8,0.0,5.6,1.9,0,0,4.0
2022,12,17,5.9,6.5,0.0,1.1,2,1,4.0
2022,12,18,4.0,0.0,8.2,3.6,0,0,4.0
2022,12,19,3.9,0.0,8.0,3.6,0,0,4.0
2022,12,20,5.1,0.0,6.9,1.6,0,0,4.0
2022,12,21,6.3,1.0,3.2,2.2,1,2,4.0
2022,12,22,8.0,6.5,3.2,3.5,1,1,4.0
2022,12,23,2.7,0.0,1.8,5.0,0,0,4.0
2022,12,24,5.1,0.0,8.1,3.2,0,0,4.0
2022,12,25,6.8,1.0,5.7,2.4,0,0,4.0
2022,12,26,6.1,0.0,3.5,2.0,1,1,4.0
2022,12,27,7.5,0.0,5.0,1.7,0,0,4.0
2022,12,28,7.0,0.0,8.2,1.6,0,0,4.0
2022,12,29,8.1,0.0,8.9,2.3,0,0,4.0
2022,12,30,6.5,0.0,6.9,1.8,0,0,4.0
2022,12,31,7.2,0.0,7.8,1.8,0,0,4.0
2023,1,1,8.0,0.0,6.2,2.9,0,0,4.0
2023,1,2,7.3,0.0,2.5,1.9,1,0,4.0
2023,1,3,6.7,0.0,7.3,1.7,0,0,4.0
2023,1,4,7.3,0.0,6.5,2.9,0,0,4.0
2023,1,5,6.8,0.0,5.5,1.8,1,0,4.0
2023,1,6,7.2,0.0,7.7,1.6,0,0,4.0
2023,1,7,6.3,0.0,1.7,1.8,1,0,4.0
2023,1,8,8.2,0.0,6.6,1.9,0,0,4.0
2023,1,9,8.2,0.5,8.3,1.7,0,1,4.0
2023,1,10,6.5,0.0,4.7,2.7,0,0,4.0
2023,1,11,5.1,0.0,8.5,1.1,0,0,4.0
2023,1,12,8.0,0.0,9.2,1.2,0,0,4.0
2023,1,13,10.6,13.5,3.1,1.5,1,2,4.0
2023,1,14,12.4,24.0,0.0,2.0,2,1,4.0
2023,1,15,12.0,0.0,0.2,2.0,1,1,4.0
2023,1,16,8.9,0.0,0.8,3.2,1,0,4.0
2023,1,17,6.6,0.0,6.8,1.9,0,1,4.0
2023,1,18,7.3,0.0,1.7,1.7,1,0,4.0
2023,1,19,6.9,0.0,9.1,1.7,0,0,4.0
2023,1,20,7.1,0.0,5.7,2.5,0,0,4.0
2023,1,21,4.9,0.0,6.3,2.4,0,0,4.0
2023,1,22,5.0,0.0,5.3,1.4,0,1,4.0
2023,1,23,5.8,2.5,0.0,1.6,2,1,4.0
2023,1,24,4.6,0.0,6.0,3.4,1,1,4.0
2023,1,25,0.6,0.0,4.9,2.7,0,0,4.0
2023,1,26,3.6,0.0,7.5,2.7,0,1,4.0
2023,1,27,3.3,5.5,0.8,2.0,1,1,4.0
2023,1,28,3.2,0.0,5.0,2.7,0,0,4.0
2023,1,29,3.8,0.0,9.2,2.8,0,0,4.0
2023,1,30,5.0,0.0,5.1,2.9,1,0,4.0
2023,1,31,4.3,0.0,9.2,1.6,0,0,4.0
2023,2,1,6.1,0.0,3.4,1.4,1,1,4.0
2023,2,2,6.0,0.0,0.4,2.8,1,1,4.0
2023,2,3,4.9,0.0,1.4,1.0,1,0,4.0
2023,2,4,6.1,0.0,6.2,2.0,0,0,4.0
2023,2,5,6.9,0.0,9.5,1.3,0,0,4.0
2023,2,6,7.0,0.0,6.5,1.3,1,1,4.0
2023,2,7,9.7,0.0,0.1,1.4,1,1,4.0
2023,2,8,8.7,0.0,2.5,2.3,1,0,4.0
2023,2,9,6.1,0.0,8.7,2.8,0,0,4.0
2023,2,10,6.4,3.0,0.0,2.9,2,2,4.0
2023,2,11,10.3,0.0,6.4,2.2,0,1,4.0
2023,2,12,11.4,0.0,9.4,1.6,0,1,4.0
2023,2,13,9.4,5.0,0.0,3.1,2,1,4.0
2023,2,14,5.3,0.0,5.0,3.1,1,0,4.0
2023,2,15,3.0,0.0,5.5,3.1,0,1,4.0
2023,2,16,3.7,0.0,1.2,1.9,1,0,4.0
2023,2,17,6.0,0.0,8.8,1.5,0,1,4.0
2023,2,18,8.3,0.0,0.2,1.7,1,2,4.0
2023,2,19,11.3,10.0,0.0,1.9,2,0,4.0
2023,2,20,8.0,0.0,5.4,2.6,1,0,4.0
2023,2,21,4.1,0.0,9.3,3.3,0,1,4.0
2023,2,22,5.6,0.0,6.6,1.5,0,1,4.0
2023,2,23,8.0,0.0,5.7,1.6,2,1,4.0
2023,2,24,7.0,15.5,0.0,1.3,2,0,4.0
2023,2,25,5.8,0.0,7.5,3.3,0,0,4.0
2023,2,26,5.0,0.0,2.7,2.0,1,0,4.0
2023,2,27,7.3,0.0,11.0,1.3,0,0,4.0
